-- MySQL dump 10.13  Distrib 8.4.3, for Win64 (x86_64)
--
-- Host: localhost    Database: mi_api_db
-- ------------------------------------------------------
-- Server version	8.4.3

/*!40101 SET @OLD_CHARACTER_SET_CLIENT=@@CHARACTER_SET_CLIENT */;
/*!40101 SET @OLD_CHARACTER_SET_RESULTS=@@CHARACTER_SET_RESULTS */;
/*!40101 SET @OLD_COLLATION_CONNECTION=@@COLLATION_CONNECTION */;
/*!50503 SET NAMES utf8mb4 */;
/*!40103 SET @OLD_TIME_ZONE=@@TIME_ZONE */;
/*!40103 SET TIME_ZONE='+00:00' */;
/*!40014 SET @OLD_UNIQUE_CHECKS=@@UNIQUE_CHECKS, UNIQUE_CHECKS=0 */;
/*!40014 SET @OLD_FOREIGN_KEY_CHECKS=@@FOREIGN_KEY_CHECKS, FOREIGN_KEY_CHECKS=0 */;
/*!40101 SET @OLD_SQL_MODE=@@SQL_MODE, SQL_MODE='NO_AUTO_VALUE_ON_ZERO' */;
/*!40111 SET @OLD_SQL_NOTES=@@SQL_NOTES, SQL_NOTES=0 */;

--
-- Table structure for table `auditoria_usuarios`
--

DROP TABLE IF EXISTS `auditoria_usuarios`;
/*!40101 SET @saved_cs_client     = @@character_set_client */;
/*!50503 SET character_set_client = utf8mb4 */;
CREATE TABLE `auditoria_usuarios` (
  `id` int NOT NULL AUTO_INCREMENT,
  `usuario_id` int NOT NULL,
  `admin_id` int DEFAULT NULL,
  `accion` varchar(50) COLLATE utf8mb4_general_ci NOT NULL,
  `payload_anterior` json DEFAULT NULL,
  `payload_nuevo` json DEFAULT NULL,
  `fecha` timestamp NULL DEFAULT CURRENT_TIMESTAMP,
  PRIMARY KEY (`id`),
  KEY `usuario_id` (`usuario_id`),
  KEY `admin_id` (`admin_id`),
  CONSTRAINT `auditoria_usuarios_ibfk_1` FOREIGN KEY (`usuario_id`) REFERENCES `usuarios` (`id`),
  CONSTRAINT `auditoria_usuarios_ibfk_2` FOREIGN KEY (`admin_id`) REFERENCES `usuarios` (`id`)
) ENGINE=InnoDB AUTO_INCREMENT=6 DEFAULT CHARSET=utf8mb4 COLLATE=utf8mb4_general_ci;
/*!40101 SET character_set_client = @saved_cs_client */;

--
-- Dumping data for table `auditoria_usuarios`
--

LOCK TABLES `auditoria_usuarios` WRITE;
/*!40000 ALTER TABLE `auditoria_usuarios` DISABLE KEYS */;
INSERT INTO `auditoria_usuarios` VALUES (1,2,11,'activacion','{\"activo\": 0}','{\"activo\": true}','2026-02-27 03:47:57'),(2,2,11,'desactivacion','{\"activo\": 1}','{\"activo\": false}','2026-02-27 03:48:39'),(3,3,11,'Actualización','{\"email\": \"nuevo1@correo.com\", \"username\": \"nuevoUsuario1\"}','{\"email\": \"nuevo1@correo.com\", \"roleId\": 2, \"username\": \"nuevoUsuario1123\"}','2026-02-27 03:58:38'),(4,4,11,'Actualización','{\"email\": \"test@correo.com\", \"username\": \"testUser\"}','{\"email\": \"test@correo.com\", \"roleId\": 2, \"username\": \"testUser\"}','2026-02-27 04:38:10'),(5,4,11,'desactivacion','{\"activo\": 1}','{\"activo\": false}','2026-02-27 04:38:19');
/*!40000 ALTER TABLE `auditoria_usuarios` ENABLE KEYS */;
UNLOCK TABLES;

--
-- Table structure for table `distribuidoras`
--

DROP TABLE IF EXISTS `distribuidoras`;
/*!40101 SET @saved_cs_client     = @@character_set_client */;
/*!50503 SET character_set_client = utf8mb4 */;
CREATE TABLE `distribuidoras` (
  `id` bigint unsigned NOT NULL AUTO_INCREMENT,
  `marca_id` int NOT NULL,
  `id_dist` varchar(20) COLLATE utf8mb4_general_ci DEFAULT NULL,
  `nombre` varchar(255) COLLATE utf8mb4_general_ci DEFAULT NULL,
  `url` varchar(255) COLLATE utf8mb4_general_ci DEFAULT NULL,
  `activa` tinyint(1) DEFAULT '1',
  `fecha_registro` datetime DEFAULT CURRENT_TIMESTAMP,
  PRIMARY KEY (`id`),
  UNIQUE KEY `id` (`id`),
  UNIQUE KEY `unique_marca_dist` (`marca_id`,`id_dist`),
  CONSTRAINT `distribuidoras_ibfk_1` FOREIGN KEY (`marca_id`) REFERENCES `marcas` (`id`)
) ENGINE=InnoDB AUTO_INCREMENT=1512 DEFAULT CHARSET=utf8mb4 COLLATE=utf8mb4_general_ci;
/*!40101 SET character_set_client = @saved_cs_client */;

--
-- Dumping data for table `distribuidoras`
--

LOCK TABLES `distribuidoras` WRITE;
/*!40000 ALTER TABLE `distribuidoras` DISABLE KEYS */;
INSERT INTO `distribuidoras` VALUES (1,1,'69','Alica Automotriz','alica-automotriz.com.mx',1,'2026-02-28 18:19:14'),(2,1,'14','Alta Motriz','stellantiscleber.com',1,'2026-02-28 18:19:14'),(3,1,'46','Auto Centro de Celaya','www.chryslercelaya.com.mx',1,'2026-02-28 18:19:14'),(4,1,'144','Auto Centro de Celaya (Suc. San Miguel de Allende)','www.chryslersanmiguel.com.mx',1,'2026-02-28 18:19:14'),(5,1,'301','Auto Distribuidores del Centro (Suc. Galerías)','www.dist-del-centro.com.mx',1,'2026-02-28 18:19:14'),(11,1,'521','Auto Nord S.A. De C.V.','autoscomercialescever.mx',1,'2026-02-28 18:19:14'),(12,1,'295','Auto Productos de la Costa (Suc. Tecate)','autoproductostecate.com.mx',1,'2026-02-28 18:19:14'),(13,1,'17','Autoangar Ermita','autoangarermita.com.mx',1,'2026-02-28 18:19:14'),(14,1,'296','Autoangar Tepepan','autoangartepepan.com.mx',1,'2026-02-28 18:19:14'),(15,1,'537','Autoangar Tlalpan','autoangartlalpan.com.mx',1,'2026-02-28 18:19:14'),(16,3,'2029','Toyota Campeche','toyotacampeche.com.mx',1,'2026-02-28 19:13:01'),(17,3,'2014','Toyota Coacalco','toyotacoacalco.com.mx',1,'2026-02-28 19:13:01'),(18,3,'2010','Toyota Coapa','toyotacoapa.com.mx',1,'2026-02-28 19:13:01'),(19,3,'2016','Toyota Coatzacoalcos','toyotacoatzacoalcos.com',1,'2026-02-28 19:13:01'),(20,3,'2007','Toyota Durango','toyotadurango.com.mx',1,'2026-02-28 19:13:01'),(21,3,'2030','Toyota La Paz','toyotalapaz.com.mx',1,'2026-02-28 19:13:01'),(22,3,'2040','Toyota Laguna','toyotatorreon.com.mx',1,'2026-02-28 19:13:01'),(23,3,'2031','Toyota Los Cabos','toyotaloscabos.com.mx',1,'2026-02-28 19:13:01'),(24,3,'2041','Toyota Pachuca','toyotapachuca.com.mx',1,'2026-02-28 19:13:01'),(25,3,'2008','Toyota Poza Rica','toyotapozarica.com.mx',1,'2026-02-28 19:13:01'),(26,3,'2036','Toyota Riviera','toyotariviera.com',1,'2026-02-28 19:13:01'),(27,3,'2026','Toyota Santa Clara','toyotasantaclara.com.mx',1,'2026-02-28 19:13:01'),(38,1,'47','Autobacsa León Campestre','www.autobacsa.com.mx',1,'2026-02-28 18:19:14'),(39,1,'18','Autokasa Viaducto','www.autokasa.com.mx',1,'2026-02-28 18:19:14'),(40,1,'117','Automaya','www.automaya.com.mx',1,'2026-02-28 18:19:14'),(41,1,'236','Automaya Montejo','montejo.automaya.com.mx',1,'2026-02-28 18:19:14'),(42,1,'276','Automaya Valladolid','automayavalladolid.com.mx',1,'2026-02-28 18:19:14'),(43,1,'49','Automotores Guanajuato','https://www.automotoresgto.com.mx/',1,'2026-02-28 18:19:14'),(44,1,'78','Automotores Antequera','www.automotoresantequera.com.mx',1,'2026-02-28 18:19:14'),(45,1,'48','Automotores de León','https://www.automotoresdeleon.com.mx',1,'2026-02-28 18:19:14'),(46,1,'20','Automotores de México','www.automotoresdemexico.com.mx',1,'2026-02-28 18:19:14'),(47,1,'153','Automotores Floso (Suc. Ocotlán)','flosolocotlan.com.mx',1,'2026-02-28 18:19:14'),(48,1,'61','Automotores Flosol','www.autosflosol.com.mx',1,'2026-02-28 18:19:14'),(49,1,'152','Automotores Flosol (Suc. La Piedad)','flosollapiedad.com.mx',1,'2026-02-28 18:19:14'),(50,1,'22','Automotriz Campa','www.automotriz-campa.com.mx',1,'2026-02-28 18:19:14'),(51,1,'86','Automotriz Caribe','www.automotriz-caribe.com.mx',1,'2026-02-28 18:19:14'),(52,1,'154','Automotriz Caribe (Suc. Playa del Carmen)','www.automotriz-caribeplaya.com.mx',1,'2026-02-28 18:19:14'),(53,1,'40','Automotriz de Durango','www.auto-durango.com.mx',1,'2026-02-28 18:19:14'),(54,1,'5','Automotriz de Sabinas','www.auto-sabinas.com.mx',1,'2026-02-28 18:19:14'),(55,1,'7','Automotriz Lagunera','www.autolasa.com.mx',1,'2026-02-28 18:19:14'),(56,1,'81','Automotriz Reyes Huerta','reyeshuerta.com.mx',1,'2026-02-28 18:19:14'),(57,1,'100','Automotriz Sonorense','www.auto-sonorense.com.mx',1,'2026-02-28 18:19:14'),(58,1,'105','Automotriz Tamaulipas','www.automotriz-tamps.com.mx',1,'2026-02-28 18:19:14'),(59,1,'548','Automóviles CGE de Zacatecas','www.cgelagos.mx',1,'2026-02-28 18:19:14'),(60,1,'552','Automóviles CGE de Zacatecas','www.cgeaguascalientes.mx',1,'2026-02-28 18:19:14'),(61,1,'310','Automoviles CGE de Zacatecas (Suc Fresnillo)','www.cgefresnillo.mx',1,'2026-02-28 18:19:14'),(62,1,'309','Automoviles CGE de Zacatecas (Suc Guadalupe)','www.chryslerzacatecas.mx',1,'2026-02-28 18:19:14'),(63,1,'250','Automóviles y Camiones (Suc. Barragán)','www.chryslersannicolas.com',1,'2026-02-28 18:19:14'),(64,1,'73','Automóviles y Camiones (Universidad)','www.automovilesycam.com.mx',1,'2026-02-28 18:19:14'),(65,1,'26','Automundo','www.automundo.com.mx',1,'2026-02-28 18:19:14'),(66,1,'246','Autopolanco ( Plaza Carso )','www.autopolanco.com.mx',1,'2026-02-28 18:19:14'),(67,1,'6','Autos del Norte','www.autos-del-norte.com.mx',1,'2026-02-28 18:19:14'),(68,1,'212','Autos Elegantes de Pachuca','www.chryslerpachuca.com.mx',1,'2026-02-28 18:19:14'),(69,1,'50','Autos Finos de Irapuato','autosdeirapuato.com.mx',1,'2026-02-28 18:19:14'),(70,1,'8','Autos Monclova','www.autos-monclova.com.mx',1,'2026-02-28 18:19:14'),(71,1,'551','Autos y Tractores de Sinaloa','automotrizdelnoroeste.mx',1,'2026-02-28 18:19:14'),(72,1,'95','Caborca Automotriz','www.caborca-auto.com.mx',1,'2026-02-28 18:19:14'),(73,1,'163','Caborca Automotriz (Suc. Nogales)','www.nogales.caborca-auto.com.mx',1,'2026-02-28 18:19:14'),(74,1,'55','Camarena Automotriz de Occidente','www.camarena-auto.com.mx',1,'2026-02-28 18:19:14'),(75,1,'550','Camarena Automotriz de Occidente S.A. de C.V. (Sucursal Guadalajara)','camarena-gdl.com.mx',1,'2026-02-28 18:19:14'),(76,1,'517','Cambrev Automotriz','pasastellantischihuahua.com.mx',1,'2026-02-28 18:19:14'),(77,1,'555','Cambrev Automotriz Tijuana','pasatijuana.com',1,'2026-02-28 18:19:14'),(78,1,'554','CAMBREV TLALNEPANTLA','pasatlalnepantla.com.mx',1,'2026-02-28 18:19:14'),(79,1,'75','Car One Monterrey (Suc. Santa Lucia)','www.car-one.com.mx',1,'2026-02-28 18:19:14'),(80,1,'297','Car One Monterrey S.A. de C.V. (Suc. Contry)','caronechryslercontry.com.mx',1,'2026-02-28 18:19:14'),(81,1,'9','Coahuila Motors','www.coahuilamotors.com.mx',1,'2026-02-28 18:19:14'),(82,1,'109','Comercial Automotriz de Poza Rica','fiatpeugeotpozarica.com.mx',1,'2026-02-28 18:19:14'),(83,1,'165','Comercial Automotriz de Poza Rica (Suc. Tuxpan)','fiatpeugeottuxpan.com.mx',1,'2026-02-28 18:19:14'),(84,1,'44','Continental Metepec','www.continental.com.mx',1,'2026-02-28 18:19:14'),(85,1,'254','Continental Suc. Lerma','www.continental-lerma.com.mx',1,'2026-02-28 18:19:14'),(86,1,'87','Chetumal Automotores','www.chetumal-auto.com.mx',1,'2026-02-28 18:19:14'),(87,1,'158','Chrysler Cd. del Carmen','prestigiociudaddelcarmen.mx',1,'2026-02-28 18:19:14'),(88,1,'169','Chrysler Cuautla','www.cuernavacaautomotrizcuautla.com.mx',1,'2026-02-28 18:19:14'),(89,1,'68','Chrysler Cuernavaca','www.cuernavaca-auto.com.mx',1,'2026-02-28 18:19:14'),(90,1,'303','Chrysler Chilpancingo','chryslerchilpancingo.com.mx',1,'2026-02-28 18:19:14'),(91,1,'304','Chrysler Iguala','chrysleriguala.com.mx',1,'2026-02-28 18:19:14'),(92,1,'504','Chrysler Río Mayo','chrysler-riomayo.mx',1,'2026-02-28 18:19:14'),(93,1,'292','Chrysler  Texcoco','www.texcocomotors.com.mx',1,'2026-02-28 18:19:14'),(94,1,'213','Diez Córdoba','www.diez-cordoba.com.mx',1,'2026-02-28 18:19:14'),(95,1,'220','Diez de Coatzacoalcos','www.diez-coatza.com.mx',1,'2026-02-28 18:19:14'),(96,1,'223','Diez de Veracruz','www.diezveracruz.com.mx',1,'2026-02-28 18:19:14'),(97,1,'111','Diez Minatitlán','www.diez-minatitlan.com.mx',1,'2026-02-28 18:19:14'),(98,1,'217','Diez Orizaba','www.diez-orizaba.com.mx',1,'2026-02-28 18:19:14'),(99,1,'79','Diez Tehuacán','www.diez-tehuacan.com.mx',1,'2026-02-28 18:19:14'),(100,1,'170','Diez Tuxtepec','www.dieztuxtepec.com.mx',1,'2026-02-28 18:19:14'),(101,1,'51','Distribuidora de Acapulco','www.chrysleracapulco.com.mx',1,'2026-02-28 18:19:14'),(102,1,'547','Ecobike','www.autos-potosinos.com.mx',1,'2026-02-28 18:19:14'),(103,1,'89','Ecobike (Suc. Matehuala)','www.auto-matehuala.com.mx',1,'2026-02-28 18:19:14'),(104,1,'146','Ensenada - Autoproductos','www.autoproductosensenada.com.mx',1,'2026-02-28 18:19:14'),(105,1,'527','EUROSTAR BAJIO QUERETARO','www.eurostarqueretaro.com.mx',1,'2026-02-28 18:19:14'),(106,1,'536','EUROSURMAN ANZURES CDMX ANZURES','deserticaanzures.com.mx',1,'2026-02-28 18:19:14'),(107,1,'526','Eurosurman Cumbres','eurosurmancumbres.com.mx',1,'2026-02-28 18:19:14'),(108,1,'539','EUROVALLE ECATEPEC','eurovalleecatepec.com.mx',1,'2026-02-28 18:19:14'),(109,1,'65','Fame Automotriz Medina','www.medina-automotriz.com.mx',1,'2026-02-28 18:19:14'),(110,1,'130','Fame Querétaro','www.famequeretaro.com.mx',1,'2026-02-28 18:19:14'),(111,1,'518','Galojal Mainstream Country','galojalcountry.mx',1,'2026-02-28 18:19:14'),(112,1,'540','Galojal Patria','galojalpatria.mx',1,'2026-02-28 18:19:14'),(113,1,'541','Galojal Peugeot Professional Center','galojalprofessionalcountry.mx',1,'2026-02-28 18:19:14'),(114,1,'511','GEMA PREMIER','gemapremier.mx',1,'2026-02-28 18:19:14'),(115,1,'98','González R. Automotriz','www.gonzalezr.com.mx',1,'2026-02-28 18:19:14'),(116,1,'99','González R. Automotriz (Suc. Guaymas)','www.gonzalezrguaymas.com.mx',1,'2026-02-28 18:19:14'),(117,1,'234','Grumarmex Autos','grumarmextapachula.com',1,'2026-02-28 18:19:14'),(118,1,'244','Grumarmex Autos, S.A. de C.V.','grumarmexlcv.com.mx',1,'2026-02-28 18:19:14'),(119,1,'56','Grupo Camarena Automotriz  Sucursal Tepatitlán','www.camarenatepa.com.mx',1,'2026-02-28 18:19:14'),(120,1,'247','Grupo Camarena Automotriz Sucursal las Fuentes','www.camarenalasfuentes.com.mx',1,'2026-02-28 18:19:14'),(121,1,'249','Grupo Motormexa Ciudad Guzman','motormexa-cdguzman.com.mx',1,'2026-02-28 18:19:14'),(122,1,'221','Grupo Motormexa Colima','www.motormexa-colima.com.mx',1,'2026-02-28 18:19:14'),(123,1,'233','Grupo Motormexa Colima Manzanillo','motormexa-manzanillo.com.mx',1,'2026-02-28 18:19:14'),(124,1,'224','Grupo Motormexa Guadalajara','www.motormexa.com.mx',1,'2026-02-28 18:19:14'),(125,1,'193','Grupo Motormexa Guadalajara (Suc. Acueducto)','www.motormexazapopan.com.mx',1,'2026-02-28 18:19:14'),(126,1,'553','Grupo Motormexa Guadalajara (Sucursal Country)','motormexacountry.com.mx',1,'2026-02-28 18:19:14'),(127,1,'34','Guillermo Prieto y Cia.','www.gmo-prieto.com.mx',1,'2026-02-28 18:19:14'),(128,1,'30','Interlomas Mundo Automotriz','www.interlomaschrysler.com.mx',1,'2026-02-28 18:19:14'),(129,1,'36','Kasa Automotriz Satélite','www.kasaautomotriz.com.mx',1,'2026-02-28 18:19:14'),(130,1,'505','Kasa Coacalco','kasacoacalco.com.mx',1,'2026-02-28 18:19:14'),(131,1,'37','Kasa Naucalpan','www.kasanaucalpan.com.mx',1,'2026-02-28 18:19:14'),(132,1,'41','Lyon Motors','caasasurman.com',1,'2026-02-28 18:19:14'),(133,1,'218','Megamotors','www.megamotors.com.mx',1,'2026-02-28 18:19:14'),(134,1,'104','Megamotors (Suc. Matamoros)','www.refran-matamoros.com.mx',1,'2026-02-28 18:19:14'),(135,1,'528','Meridien Cancún','stellantiscancun.com.mx',1,'2026-02-28 18:19:14'),(136,1,'533','Meridien Mérida','stellantismerida.com.mx',1,'2026-02-28 18:19:14'),(137,1,'125','Mexicali - Autoproductos','www.autoproductosmexicali.com.mx',1,'2026-02-28 18:19:14'),(138,1,'66','Michoacán Motors','www.michoacan-motors.com.mx',1,'2026-02-28 18:19:14'),(139,1,'174','Michoacán Motors Suc. Zitácuaro','mmzitacuaro.com.mx',1,'2026-02-28 18:19:14'),(140,1,'76','Mirador Automotriz','www.mirador-auto.com.mx',1,'2026-02-28 18:19:14'),(141,1,'10','Misol Automotriz Torreón','www.misol-automotriz.com.mx',1,'2026-02-28 18:19:14'),(142,1,'175','Misol Automotriz, S.A. de C.V. (Suc. Gómez Palacio)','gomezpalacio.misol-automotriz.com.mx',1,'2026-02-28 18:19:14'),(143,1,'122','Nueva Automotriz del Toro','www.natsa.com.mx',1,'2026-02-28 18:19:14'),(144,1,'179','Nueva Automotriz del Toro (Suc. Los Cabos)','www.chryslerloscabos.com.mx',1,'2026-02-28 18:19:14'),(145,1,'92','Palmas Automotriz Mazatlán','www.palmasautomotriz.com.mx',1,'2026-02-28 18:19:14'),(146,1,'531','PEUGEOT HERMOSILLO','gemsoprofessional.com',1,'2026-02-28 18:19:14'),(147,1,'516','Peugeot Puerto Vallarta (Flosol)','flosolstellantispv.com.mx',1,'2026-02-28 18:19:14'),(148,1,'538','Peugeot Saltillo','pasastellantissaltillo.com.mx',1,'2026-02-28 18:19:14'),(149,1,'91','Premier Autocountry (Suc. Mochis)','premiermochis.com.mx',1,'2026-02-28 18:19:14'),(150,1,'134','Premier Autocountry Culiacán','www.premierautocountry.com.mx',1,'2026-02-28 18:19:14'),(151,1,'4','Prestigio Motriz','prestigiocampeche.mx',1,'2026-02-28 18:19:14'),(152,1,'549','Prestigio Motriz Tabasco','prestigiotabasco.mx',1,'2026-02-28 18:19:14'),(153,1,'85','Pro Queretaro','www.chryslerpro.com.mx',1,'2026-02-28 18:19:14'),(154,1,'248','Pro San Juan','www.prosanjuan.com.mx',1,'2026-02-28 18:19:14'),(155,1,'83','Puebla Automotriz','www.pueblaautomotriz.com.mx',1,'2026-02-28 18:19:14'),(156,1,'293','Puebla Automotriz los Fuertes','www.pueblaautomotrizlosfuertes.com.mx',1,'2026-02-28 18:19:14'),(157,1,'102','Refran Autos (Suc. Reynosa)','www.refranautosreynosa.com.mx',1,'2026-02-28 18:19:14'),(158,1,'507','Refrán Autos Monterrey','refranautosmonterrey.com.mx',1,'2026-02-28 18:19:14'),(159,1,'245','Refran Autos Nuevo Laredo','refranautoslaredo.com.mx',1,'2026-02-28 18:19:14'),(160,1,'525','Refran San Nicolás','refransannicolas.com.mx',1,'2026-02-28 18:19:14'),(161,1,'228','Reyes Huerta Dorada','reyeshuertadorada.com.mx',1,'2026-02-28 18:19:14'),(162,1,'58','Roca Automotriz Guadalajara','www.rocaautovallarta.com.mx',1,'2026-02-28 18:19:14'),(163,1,'116','Sábalo de Xalapa','www.sabalo-xalapa.com.mx',1,'2026-02-28 18:19:14'),(164,1,'271','Sábalo de Xalapa (Suc. Teziutlán)','chryslerteziutlan.com.mx',1,'2026-02-28 18:19:14'),(165,1,'544','Sábalo de Xalapa S.A. de C.V. Suc Martínez de la Torre','sabalo-martinez.com.mx',1,'2026-02-28 18:19:14'),(166,1,'145','San Luis Río Colorado - Autoproductos','www.autoproductossanluis.com.mx',1,'2026-02-28 18:19:14'),(167,1,'222','Sol de Michoacán','www.soldemichoacan.com',1,'2026-02-28 18:19:14'),(168,1,'240','Sol de Michoacán (Suc. Lázaro Cárdenas)','sucursalsoldemichoacan.com',1,'2026-02-28 18:19:14'),(169,1,'21','Soni Pedregal','www.automotores-soni.com.mx',1,'2026-02-28 18:19:14'),(170,1,'506','Stella de Puebla','www.stellapuebla.mx',1,'2026-02-28 18:19:14'),(171,1,'546','Stella Tlaxcala','www.stellantistlaxcala.com',1,'2026-02-28 18:19:14'),(172,1,'532','Stella Xalapa','stellantisxalapa.com',1,'2026-02-28 18:19:14'),(173,1,'530','Stellantis Culiacán','stellantisculiacan.com',1,'2026-02-28 18:19:14'),(174,1,'529','Stellantis Herrera San Luis','stellantis-herrera.com',1,'2026-02-28 18:19:14'),(175,1,'520','Stellantis Plasencia','stellantisplasencia.com',1,'2026-02-28 18:19:14'),(176,1,'519','Stellantis Santa Anita','stellantissantaanita.com',1,'2026-02-28 18:19:14'),(177,1,'534','Stellantis Santa Fé','eurosurman.com.mx',1,'2026-02-28 18:19:14'),(178,1,'508','Surman Anzures','http://bcdeserticaanzures.com.mx/',1,'2026-02-28 18:19:14'),(179,1,'306','Surman la Villa','http://deserticalavilla.com.mx/',1,'2026-02-28 18:19:14'),(180,1,'123','Tijuana - Autoproductos','www.autoproductostijuana.com.mx',1,'2026-02-28 18:19:14'),(181,1,'94','Torres Automotriz','www.torresautomotriz.com.mx',1,'2026-02-28 18:19:14'),(182,1,'16','Touché Motors','www.touche-motors.com.mx',1,'2026-02-28 18:19:14'),(183,1,'273','VAPSA Río Verde','www.vapsarioverde.com.mx',1,'2026-02-28 18:19:14'),(196,3,'2028','Toyota Tabasco','toyotatabasco.com.mx',1,'2026-02-28 19:13:01'),(197,3,'2027','Toyota Tepepan','toyotatepepan.com.mx',1,'2026-02-28 19:13:01'),(198,3,'2033','Toyota Tijuana','toyotatijuana.com.mx',1,'2026-02-28 19:13:01'),(199,3,'2042','Toyota Tulancingo','toyotatulancingo.com.mx',1,'2026-02-28 19:13:01'),(200,3,'2015','Toyota Vallejo','toyotavallejo.com.mx',1,'2026-02-28 19:13:01'),(201,3,'2017','Toyota Veracruz','toyotaveracruz.com',1,'2026-02-28 19:13:01'),(202,5,'4422','Auto Haus Contadero','vw-autohauscontadero.com.mx',1,'2026-02-28 18:24:15'),(203,5,'4405','Auto Haus Esmeralda','www.vw-esmeralda.com.mx',1,'2026-02-28 18:24:15'),(204,5,'4407','Centauro Automotriz (Cuauhtémoc)','www.vw-centaurocuauhtemoc.com.mx',1,'2026-02-28 18:24:15'),(205,5,'4409','Centauro Automotriz (Delicias)','www.vw-centaurodelicias.com.mx',1,'2026-02-28 18:24:15'),(206,5,'4080','Divol Santa Clara','vw-divolsantaclara.com.mx',1,'2026-02-28 18:24:15'),(207,5,'4416','Naosa Santa Anita','www.vwnaosasantaanita.com.mx',1,'2026-02-28 18:24:15'),(208,5,'4439','Service Stand Alone Coacalco','servicestandalonecoacalco.com.mx',1,'2026-02-28 18:24:15'),(209,5,'4437','Volkswagen Popul Auto de Colima','vw-populautocolima.com.mx',1,'2026-02-28 18:24:15'),(210,5,'4122','Volkswagen Agrícola','www.vw-agricola.com.mx',1,'2026-02-28 18:24:15'),(211,5,'4068','Volkswagen Agua Azul','www.vw-aguaazul.com.mx',1,'2026-02-28 18:24:15'),(212,5,'4014','Volkswagen Aldyxa','www.vw-aldyxa.com.mx',1,'2026-02-28 18:24:15'),(213,5,'4076','Volkswagen Altabrisa','www.vw-altabrisa.com.mx',1,'2026-02-28 18:24:15'),(214,5,'4136','Volkswagen Angelópolis','www.vw-angelopolis.com.mx',1,'2026-02-28 18:24:15'),(215,5,'4433','Volkswagen Apatzingan','vw-apatzingan.com.mx',1,'2026-02-28 18:24:15'),(216,5,'4034','Volkswagen Auto Haus','vw-autohauscuajimalpa.com.mx',1,'2026-02-28 18:24:15'),(217,5,'4085','Volkswagen Auto Haus Alamedas','www.vw-alamedas.com.mx',1,'2026-02-28 18:24:15'),(218,5,'4044','Volkswagen Auto Ventas','www.autoventas.com.mx',1,'2026-02-28 18:24:15'),(219,5,'4025','Volkswagen Autocentro','www.vw-autocentro.com.mx',1,'2026-02-28 18:24:15'),(220,5,'4028','Volkswagen Autogar','www.vw-autogar.com.mx',1,'2026-02-28 18:24:15'),(221,5,'4182','Volkswagen Autópolis','www.autopolislindavista.com',1,'2026-02-28 18:24:15'),(222,5,'4418','Volkswagen Autopolis La Fe','www.vw-lafemonterrey.com.mx',1,'2026-02-28 18:24:15'),(223,5,'4040','Volkswagen Autopop','www.vw-autopop.com.mx',1,'2026-02-28 18:24:15'),(224,5,'4100','Volkswagen Autos Valle','www.vw-valle.com.mx',1,'2026-02-28 18:24:15'),(225,5,'4194','Volkswagen Autos Valle Victoria','www.vw-victoria.com.mx',1,'2026-02-28 18:24:15'),(226,5,'4087','Volkswagen Autos Vial','www.vw-autosvial.com.mx',1,'2026-02-28 18:24:15'),(227,5,'4024','Volkswagen Autosur','www.vw-autosur.com.mx',1,'2026-02-28 18:24:15'),(228,5,'4157','Volkswagen Autosur Ciudad del Carmen','www.vw-carmen.com.mx',1,'2026-02-28 18:24:15'),(229,5,'4404','Volkswagen Autosur Chetumal','www.vw-chetumal.com',1,'2026-02-28 18:24:15'),(230,5,'4045','Volkswagen Azcapotzalco','www.vw-azcapotzalco.com.mx',1,'2026-02-28 18:24:15'),(231,5,'4109','Volkswagen Bonn','www.vw-bonn.com.mx',1,'2026-02-28 18:24:15'),(232,5,'4187','Volkswagen Bonn 31 Poniente','www.bonn31.com.mx',1,'2026-02-28 18:24:15'),(233,5,'4134','Volkswagen Bonn Dorada','www.vw-bonndorada.com.mx',1,'2026-02-28 18:24:15'),(234,5,'4188','Volkswagen Bonn Tehuacán','www.bonntehuacan.com.mx',1,'2026-02-28 18:24:15'),(235,5,'4131','Volkswagen Cancún','www.vw-cancun.com.mx',1,'2026-02-28 18:24:15'),(236,5,'4102','Volkswagen Car One','www.vw-monterrey.com.mx',1,'2026-02-28 18:24:15'),(237,5,'4165','Volkswagen Car One Reynosa','www.vw-reynosa.com.mx',1,'2026-02-28 18:24:15'),(238,5,'4042','Volkswagen Celaya','www.vw-celaya.com.mx',1,'2026-02-28 18:24:15'),(239,5,'4410','Volkswagen Celaya Campestre','www.vw-campestre.com.mx',1,'2026-02-28 18:24:15'),(240,5,'4037','Volkswagen Centauro','www.centauro-vw.com.mx',1,'2026-02-28 18:24:15'),(241,5,'4038','Volkswagen Centauro Juárez','vw-centaurojuarez.com.mx',1,'2026-02-28 18:24:15'),(242,5,'4142','Volkswagen Central','www.vw-central.com.mx',1,'2026-02-28 18:24:15'),(243,5,'4161','Volkswagen City Norte','www.vw-meridanorte.com.mx',1,'2026-02-28 18:24:15'),(244,5,'4184','Volkswagen Coapa','www.vwcoapa.com.mx',1,'2026-02-28 18:24:15'),(245,5,'4108','Volkswagen Coatzacoalcos','www.vw-coatzacoalcos.com.mx',1,'2026-02-28 18:24:15'),(246,5,'4425','Volkswagen Comerciales Sureste','vw-comercialessureste.com.mx',1,'2026-02-28 18:24:15'),(247,5,'4033','Volkswagen Comitán','www.vw-comitan.com.mx',1,'2026-02-28 18:24:15'),(248,5,'4084','Volkswagen Córdoba','www.vw-cordoba.com.mx',1,'2026-02-28 18:24:15'),(249,5,'4010','Volkswagen Coyoacán','vw-aemcoyoacan.com.mx',1,'2026-02-28 18:24:15'),(250,5,'4052','Volkswagen Cresta Acapulco','www.vw-crestaacapulco.com.mx',1,'2026-02-28 18:24:15'),(251,5,'4097','Volkswagen Cresta Cuautla','www.vw-crestacuautla.com.mx',1,'2026-02-28 18:24:15'),(252,5,'4095','Volkswagen Cresta Cuernavaca','www.vw-crestacuernavaca.com.mx',1,'2026-02-28 18:24:15'),(253,5,'4013','Volkswagen Cresta del Valle','www.vw-crestadelvalle.com.mx',1,'2026-02-28 18:24:15'),(254,5,'4412','Volkswagen Cresta Insurgentes','vw-crestainsurgentes.com.mx',1,'2026-02-28 18:24:15'),(255,5,'4015','Volkswagen Cresta Iztapalapa','www.vw-cresta.com.mx',1,'2026-02-28 18:24:15'),(256,5,'4096','Volkswagen Cresta Morelos','www.vw-crestamorelos.com.mx',1,'2026-02-28 18:24:15'),(257,5,'4008','Volkswagen Cresta Narvarte','www.vw-crestanarvarte.com.mx',1,'2026-02-28 18:24:15'),(258,5,'4071','Volkswagen Cuautitlán','www.vw-cuautitlan.com.mx',1,'2026-02-28 18:24:15'),(259,5,'4123','Volkswagen Culiacán','www.vw-tresriosmotors.com.mx',1,'2026-02-28 18:24:15'),(260,5,'4178','Volkswagen Cumbres Cancún','www.vwcancun.com.mx',1,'2026-02-28 18:24:15'),(261,5,'4173','Volkswagen Cumbres Monterrey','www.vw-cumbres.com.mx',1,'2026-02-28 18:24:15'),(262,5,'4092','Volkswagen Del Balsas','www.vw-balsas.com.mx',1,'2026-02-28 18:24:15'),(263,5,'4003','Volkswagen del Centro','www.vwdelcentro.com.mx',1,'2026-02-28 18:24:15'),(264,5,'4072','Volkswagen Deral','www.deral.com.mx',1,'2026-02-28 18:24:15'),(265,5,'4150','Volkswagen Divol','www.vw-divol.com.mx',1,'2026-02-28 18:24:15'),(266,5,'4058','Volkswagen Divol la Villa','www.vw-lavilla.com.mx',1,'2026-02-28 18:24:15'),(267,5,'4185','Volkswagen Divol Lindavista','www.vw-divol-lindavista.com.mx',1,'2026-02-28 18:24:15'),(268,5,'4086','Volkswagen Divol Norte','www.vw-divolnorte.com.mx',1,'2026-02-28 18:24:15'),(269,5,'4414','Volkswagen Divol Perinorte','vw-divolperinorte.com.mx',1,'2026-02-28 18:24:15'),(270,5,'4027','Volkswagen Dizar','www.vw-dizar.com.mx',1,'2026-02-28 18:24:15'),(271,5,'4189','Volkswagen Ecatepec','www.vw-eca.com.mx',1,'2026-02-28 18:24:15'),(272,5,'4411','Volkswagen Ensenada','vw-ensenada.com.mx',1,'2026-02-28 18:24:15'),(273,5,'4125','Volkswagen Euro City','www.vw-eurocity.com.mx',1,'2026-02-28 18:24:15'),(274,5,'4023','Volkswagen Eurocity La Paz','www.vw-lapaz.com.mx',1,'2026-02-28 18:24:15'),(275,5,'4091','Volkswagen Fame','www.vw-fame.com.mx',1,'2026-02-28 18:24:15'),(276,5,'4430','Volkswagen Fersan Chalco','vw-chalco.com.mx',1,'2026-02-28 18:24:15'),(277,5,'4191','Volkswagen Fersan Iztacalco','www.vw-iztacalco.com.mx',1,'2026-02-28 18:24:15'),(278,5,'4177','Volkswagen Fersan Motors','www.vw-fersan.com.mx',1,'2026-02-28 18:24:15'),(279,5,'4436','Volkswagen Galerías','vw-galerias.com.mx',1,'2026-02-28 18:24:15'),(280,5,'4129','Volkswagen Huasteca','www.vw-huasteca.com.mx',1,'2026-02-28 18:24:15'),(281,5,'4140','Volkswagen Huauchinango','vw-huauchinango.com.mx',1,'2026-02-28 18:24:15'),(282,5,'4159','Volkswagen Independencia','www.sammotors-vw.com.mx',1,'2026-02-28 18:24:15'),(283,5,'4083','Volkswagen Interlomas','www.vwinterlomas.com.mx',1,'2026-02-28 18:24:15'),(284,5,'4160','Volkswagen Irapuato','www.vw-irapuato.com.mx',1,'2026-02-28 18:24:15'),(285,5,'4047','Volkswagen Kolben','www.vw-kolben.com.mx',1,'2026-02-28 18:24:15'),(286,5,'4089','Volkswagen La Huerta Morelia','www.vw-lahuerta.com.mx',1,'2026-02-28 18:24:15'),(287,5,'4063','Volkswagen Lagos','www.vw-lagos.com.mx',1,'2026-02-28 18:24:15'),(288,5,'4094','Volkswagen Las Palmas','www.vw-laspalmas.com.mx',1,'2026-02-28 18:24:15'),(289,5,'4193','Volkswagen León Motors','www.leonmotors.mx',1,'2026-02-28 18:24:15'),(290,5,'4075','Volkswagen Lerma','www.vw-lerma.com.mx',1,'2026-02-28 18:24:15'),(291,5,'4145','Volkswagen Lomas','www.vw-lomas.com.mx',1,'2026-02-28 18:24:15'),(292,5,'4073','Volkswagen Lomas Verdes','www.vw-lomasverdes.com.mx',1,'2026-02-28 18:24:15'),(293,5,'4419','Volkswagen Los Cabos','www.vw-loscabos.com.mx',1,'2026-02-28 18:24:15'),(294,5,'4162','Volkswagen Martínez de la Torre','www.vw-martinezdelatorre.com.mx',1,'2026-02-28 18:24:15'),(295,5,'4128','Volkswagen Matehuala','www.vw-matehuala.com.mx',1,'2026-02-28 18:24:15'),(296,5,'4022','Volkswagen Mexicali','www.vwmexicali.com.mx',1,'2026-02-28 18:24:15'),(297,5,'4163','Volkswagen Minatitlán','www.vw-minatitlan.com.mx',1,'2026-02-28 18:24:15'),(298,5,'4153','Volkswagen Minicar Atlacomulco','www.vw-minicar.com.mx',1,'2026-02-28 18:24:15'),(299,5,'4077','Volkswagen Minicar Toluca','www.vw-minicartoluca.com.mx',1,'2026-02-28 18:24:15'),(300,5,'4181','Volkswagen Minicar Tollocan','www.vw-minicartollocan.com.mx',1,'2026-02-28 18:24:15'),(301,5,'4093','Volkswagen Mocambo','www.vw-mocambo.com.mx',1,'2026-02-28 18:24:15'),(302,5,'4016','Volkswagen Monarquía','www.vw-monarquia.com.mx',1,'2026-02-28 18:24:15'),(303,5,'4026','Volkswagen Monclova','www.vw-indice.com.mx',1,'2026-02-28 18:24:15'),(304,5,'4079','Volkswagen Munich','www.vw-munich.com.mx',1,'2026-02-28 18:24:15'),(305,5,'4176','Volkswagen Naosa','vw-naosa.com.mx',1,'2026-02-28 18:24:15'),(306,5,'4432','Volkswagen Naosa Country','vw-naosacountry.com.mx',1,'2026-02-28 18:24:15'),(307,5,'4197','Volkswagen Nogales','vw-nogales.com.mx',1,'2026-02-28 18:24:15'),(308,5,'4112','Volkswagen O´Farrill Puebla','www.vw-ofarrill.com.mx',1,'2026-02-28 18:24:15'),(309,5,'4120','Volkswagen Obregón Fica Motors','www.vw-ficamotors.com.mx',1,'2026-02-28 18:24:15'),(310,5,'4030','Volkswagen Ola Polanco','www.vw-olapolanco.com.mx',1,'2026-02-28 18:24:15'),(311,5,'4081','Volkswagen Orizaba','www.vw-orizaba.com.mx',1,'2026-02-28 18:24:15'),(312,5,'4053','Volkswagen Pachuca','www.vw-pachuca.com.mx',1,'2026-02-28 18:24:15'),(313,5,'4066','Volkswagen Patria','www.vw-patria.com.mx',1,'2026-02-28 18:24:15'),(314,5,'4012','Volkswagen Pedregal','www.vw-pedregal.com.mx',1,'2026-02-28 18:24:15'),(315,5,'4170','Volkswagen Periférico','www.vw-tabasco.com.mx',1,'2026-02-28 18:24:15'),(316,5,'4195','Volkswagen Piedras Negras','www.vw-piedrasnegras.com.mx',1,'2026-02-28 18:24:15'),(317,5,'4130','Volkswagen Playa del Carmen','www.vw-playa.com.mx',1,'2026-02-28 18:24:15'),(318,5,'4438','Volkswagen Popul Auto de Manzanillo','vw-populautomanzanillo.com.mx',1,'2026-02-28 18:24:15'),(319,5,'4056','Volkswagen Popul Auto de Puerto Vallarta','www.vw-puertovallarta.com.mx',1,'2026-02-28 18:24:15'),(320,5,'4124','Volkswagen Popul Auto Mazatlán','www.vw-populauto.com.mx',1,'2026-02-28 18:24:15'),(321,5,'4098','Volkswagen Popul Auto Tepic','vw-tepic.com',1,'2026-02-28 18:24:15'),(322,5,'4146','Volkswagen Potosina','www.vw-potosina.com.mx',1,'2026-02-28 18:24:15'),(323,5,'4164','Volkswagen Poza Rica','www.vw-pozarica.com.mx',1,'2026-02-28 18:24:15'),(324,5,'4148','Volkswagen Puerto Aéreo','www.vw-puertoaereo.com.mx',1,'2026-02-28 18:24:15'),(325,5,'4144','Volkswagen Querétaro de Pasteur','www.vw-queretaro.com.mx',1,'2026-02-28 18:24:15'),(326,5,'4019','Volkswagen Rafedher','www.vw-rafedher.com.mx',1,'2026-02-28 18:24:15'),(327,5,'4179','Volkswagen Rafedher Lomas','vw-rafedherlomas.com.mx',1,'2026-02-28 18:24:15'),(328,5,'4133','Volkswagen Rivera','www.vwrivera.com.mx',1,'2026-02-28 18:24:15'),(329,5,'4431','Volkswagen Salina Cruz','vw-salinacruz.com.mx',1,'2026-02-28 18:24:15'),(330,5,'4149','Volkswagen Salto del Agua','www.vw-saltodelagua.com.mx',1,'2026-02-28 18:24:15'),(331,5,'4067','Volkswagen San Ángel','www.vw-sanangel.com.mx',1,'2026-02-28 18:24:15'),(332,5,'4035','Volkswagen San Cristóbal','www.vw-sancristobal.com.mx',1,'2026-02-28 18:24:15'),(333,5,'4166','Volkswagen San Juan','www.vw-sanjuandelrio.com.mx',1,'2026-02-28 18:24:15'),(334,5,'4167','Volkswagen San Martín','vwsanmartin.com.mx',1,'2026-02-28 18:24:15'),(335,5,'4168','Volkswagen Santa Ana','www.vw-santaana.com.mx',1,'2026-02-28 18:24:15'),(336,5,'4006','Volkswagen Santa Fe','www.vwsantafe.com.mx',1,'2026-02-28 18:24:15'),(337,5,'4126','Volkswagen Sinaloense','www.vw-sinaloense.com.mx',1,'2026-02-28 18:24:15'),(338,5,'4169','Volkswagen Solana','www.vw-soneuro.com.mx',1,'2026-02-28 18:24:15'),(339,5,'4118','Volkswagen Suc. Tabasco 2000','www.vw-tabasco2000.com.mx',1,'2026-02-28 18:24:15'),(340,5,'4116','Volkswagen Super Autos Alemanes','www.vw-autosalemanes.com.mx',1,'2026-02-28 18:24:15'),(341,5,'4154','Volkswagen Surman Das','www.vw-surmandas.com.mx',1,'2026-02-28 18:24:15'),(342,5,'4127','Volkswagen Tangamanga','www.vw-tangamanga.com.mx',1,'2026-02-28 18:24:15'),(343,5,'4031','Volkswagen Tapachula','www.vw-tapachula.com.mx',1,'2026-02-28 18:24:15'),(344,5,'4190','Volkswagen Tepepan','www.vwtepepan.com.mx',1,'2026-02-28 18:24:15'),(345,5,'4147','Volkswagen Texcoco','www.vw-texcoco.com.mx',1,'2026-02-28 18:24:15'),(346,5,'4113','Volkswagen Teziutlán','www.vw-teziutlan.com.mx',1,'2026-02-28 18:24:15'),(347,5,'4021','Volkswagen Tijuana','vw-tijuana.com.mx',1,'2026-02-28 18:24:15'),(348,5,'4171','Volkswagen Tlaxcala','www.vw-tlaxcala.com.mx',1,'2026-02-28 18:24:15'),(349,5,'4406','Volkswagen Tonalá','www.vw-tonala.com.mx',1,'2026-02-28 18:24:15'),(350,5,'4055','Volkswagen Tula de Allende','www.vw-tula.com.mx',1,'2026-02-28 18:24:15'),(351,5,'4054','Volkswagen Tulancingo','zmotorstulancingo.com.mx',1,'2026-02-28 18:24:15'),(352,5,'4090','Volkswagen Tuxpan','vw-tuxpan.com.mx',1,'2026-02-28 18:24:15'),(353,5,'4110','Volkswagen Tuxtepec','www.vw-tuxtepec.com.mx',1,'2026-02-28 18:24:15'),(354,5,'4032','Volkswagen Tuxtla','www.vw-tuxtla.com.mx',1,'2026-02-28 18:24:15'),(355,5,'4036','Volkswagen Tuxtla Poniente','vw-tuxtlaponiente.com.mx',1,'2026-02-28 18:24:15'),(356,5,'4156','Volkswagen Valle Tampico','www.vw-tampico.com.mx',1,'2026-02-28 18:24:15'),(357,5,'4132','Volkswagen VAQCSA','www.vw-vaqcsa.com.mx',1,'2026-02-28 18:24:15'),(358,5,'4196','Volkswagen VAQCSA Corregidora','www.vw-queretarocorregidora.com.mx',1,'2026-02-28 18:24:15'),(359,5,'4046','Volkswagen Vaqcsa Guanajuato','www.vw-vaqcsaguanajuato.com.mx',1,'2026-02-28 18:24:15'),(360,5,'4088','Volkswagen Velox','www.vw-velox.com.mx',1,'2026-02-28 18:24:15'),(361,5,'4111','Volkswagen Veracruz','www.vw-veracruz.com.mx',1,'2026-02-28 18:24:15'),(362,5,'4101','Volkswagen Villauto','www.vw-villauto.com.mx',1,'2026-02-28 18:24:15'),(363,5,'4415','Volkswagen Villauto Sur','www.vw-villautosur.com.mx',1,'2026-02-28 18:24:15'),(364,5,'4183','Volkswagen Volker','www.vw-volker.com.mx',1,'2026-02-28 18:24:15'),(365,5,'4041','Volkswagen Volker Durango','vw-volkerdgo.com.mx',1,'2026-02-28 18:24:15'),(366,5,'4103','Volkswagen Xalapa','www.vw-xalapa.com.mx',1,'2026-02-28 18:24:15'),(367,5,'4139','Volkswagen Z Motors','www.zmotors.com.mx',1,'2026-02-28 18:24:15'),(368,5,'4082','Volkswagen Z Motors de México','www.zmotorsdemexico.com.mx',1,'2026-02-28 18:24:15'),(369,5,'4172','Volkswagen Zitácuaro','www.vw-zitacuaro.com.mx',1,'2026-02-28 18:24:15'),(370,5,'4078','Volkswagen Zumpango','www.vw-zumpango.com.mx',1,'2026-02-28 18:24:15'),(371,5,'4434','VW Naosa Arcos','vw-naosaarcos.com.mx',1,'2026-02-28 18:24:15'),(372,6,'5010','Mercedes-Benz Autosat Insurgentes','www.autosat-insurgentes.mx',1,'2026-02-28 19:17:57'),(373,6,'5003','Mercedes-Benz Autosat Satélite','www.autosat-satelite.mx',1,'2026-02-28 19:17:57'),(374,6,'5011','Mercedes-Benz Autosat Vallejo','www.autosat-vallejo.mx',1,'2026-02-28 19:17:57'),(375,6,'5006','Mercedes-Benz Chihuahua','www.mercedesbenzchihuahua.com.mx',1,'2026-02-28 19:17:57'),(376,6,'5008','Nueva Automotriz del Toro, S.A. de C.V.','www.mercedesbenzloscabos.com.mx',1,'2026-02-28 19:17:57'),(377,6,'5001','Touche Motors S.A. de C.V.','1',1,'2026-02-28 19:17:57'),(378,10,'8027','Suzuki Aguascalientes','www.suzukiaguascalientes.com.mx',1,'2026-02-28 19:22:50'),(379,10,'8002','Suzuki Angelopolis','www.suzukiangelopolis.com.mx',1,'2026-02-28 19:22:50'),(380,10,'8024','Suzuki Apizaco','www.suzukiapizaco.com.mx',1,'2026-02-28 19:22:50'),(381,10,'8018','Suzuki Coatzacoalcos','www.suzuki-coatzacoalcos.com.mx',1,'2026-02-28 19:22:50'),(382,10,'8033','Suzuki Cordoba','www.suzukicordoba.com.mx',1,'2026-02-28 19:22:50'),(383,10,'8021','Suzuki Culiacán','suzukiculiacan.com',1,'2026-02-28 19:22:50'),(384,10,'8035','Suzuki Chalco','www.suzuki-chalco.com.mx',1,'2026-02-28 19:22:50'),(385,10,'8039','Suzuki interlomas','www.suzukinterlomas.com.mx',1,'2026-02-28 19:22:50'),(386,10,'8034','Suzuki Ixtapaluca','www.suzuki-ixtapaluca.com.mx',1,'2026-02-28 19:22:50'),(387,10,'8026','Suzuki Los Fuertes','www.suzukilosfuertes.com.mx',1,'2026-02-28 19:22:50'),(388,10,'8029','Suzuki Mazatlan','www.suzukimazatlan.com',1,'2026-02-28 19:22:50'),(389,10,'8022','Suzuki Mexicali','www.suzukimexicali.com',1,'2026-02-28 19:22:50'),(390,10,'8032','Suzuki Orizaba','www.suzukiorizaba.com.mx',1,'2026-02-28 19:22:50'),(391,10,'8025','Suzuki Poza Rica','www.suzukipozarica.com.mx',1,'2026-02-28 19:22:50'),(392,10,'8036','Suzuki Reynosa','www.suzukireynosa.com',1,'2026-02-28 19:22:50'),(393,10,'8023','Suzuki San Luis','www.suzukisanluis.com.mx',1,'2026-02-28 19:22:50'),(394,10,'8038','Suzuki Santa Fe','www.suzukisantafe.com.mx',1,'2026-02-28 19:22:50'),(395,10,'8017','Suzuki Serdan','www.suzukiserdan.com.mx',1,'2026-02-28 19:22:50'),(396,10,'8028','Suzuki Tehuacan','www.suzuki-tehuacan.com.mx',1,'2026-02-28 19:22:50'),(397,10,'8015','Suzuki Tijuana','www.suzukitijuana.com.mx',1,'2026-02-28 19:22:50'),(398,10,'8009','Suzuki Tlalpan','suzukitlalpan.com.mx',1,'2026-02-28 19:22:50'),(399,10,'8031','Suzuki Veracruz','www.suzukiveracruz.com.mx',1,'2026-02-28 19:22:50'),(400,11,'3517','Grupo Gema','gemaseminuevos.mx',1,'2026-02-28 19:23:00'),(401,11,'3518','Grupo Honda Roca','www.rocaseminuevos.com.mx',1,'2026-02-28 19:23:00'),(402,11,'3509','Grupo Kasa','www.seminuevoskasa.com.mx',1,'2026-02-28 19:23:00'),(403,11,'3507','Grupo Picacho','www.seminuevospicacho.com.mx',1,'2026-02-28 19:23:00'),(404,11,'3516','Grupo Piomikars','www.piomikars.com.mx',1,'2026-02-28 19:23:00'),(405,11,'3520','Grupo SunRoad','www.sunroadseminuevos.com',1,'2026-02-28 19:23:00'),(406,11,'3513','Honda Plaza San Jerónimo','plazaseminuevos.com.mx',1,'2026-02-28 19:23:00'),(407,11,'3505','Maxicar','maxicar.com.mx',1,'2026-02-28 19:23:00'),(408,11,'3523','Seminuevos Country','countryseminuevos.com.mx',1,'2026-02-28 19:23:00'),(409,11,'3521','Seminuevos MG','mgseminuevos.com',1,'2026-02-28 19:23:00'),(410,11,'3506','Tentuauto','tentuauto.com',1,'2026-02-28 19:23:00'),(411,12,'2526','Honda Angelópolis','hondaangelopolis.com.mx',1,'2026-02-28 19:23:31'),(412,12,'2580','Honda Anzures','hondaanzures.com.mx',1,'2026-02-28 19:23:31'),(413,12,'2683','Honda Argenta','hondaargenta.com.mx',1,'2026-02-28 19:23:31'),(414,12,'2674','Honda Campestre','hondacampestre.com',1,'2026-02-28 19:23:31'),(415,12,'2676','Honda Conausa','hondaconausa.com.mx',1,'2026-02-28 19:23:31'),(416,12,'2557','Honda Cuajimalpa','hondacuajimalpa.com',1,'2026-02-28 19:23:31'),(417,12,'2584','Honda Cuautitlán','hondacuautitlan.com.mx',1,'2026-02-28 19:23:31'),(418,12,'2581','Honda Dinastía','hondacolima.com',1,'2026-02-28 19:23:31'),(419,12,'2589','Honda Ecatepec','hondaecatepec.com.mx',1,'2026-02-28 19:23:31'),(420,12,'2559','Honda Hermosillo','hondapremium.com',1,'2026-02-28 19:23:31'),(421,12,'2571','Honda Imagen','hondaimagen.mx',1,'2026-02-28 19:23:31'),(422,12,'2547','Honda Interlomas','hondainterlomas.com',1,'2026-02-28 19:23:31'),(423,12,'2588','Honda La Paz','hondalapaz.com.mx',1,'2026-02-28 19:23:31'),(424,12,'2685','Honda La Villa','hondalavilla.com.mx',1,'2026-02-28 19:23:31'),(425,12,'2524','Honda Lomas Verdes','hondalomasv.com.mx',1,'2026-02-28 19:23:31'),(426,12,'2587','Honda Los Cabos','hondaloscabos.com.mx',1,'2026-02-28 19:23:31'),(427,12,'2591','Honda Metepec','hondametepec.mx',1,'2026-02-28 19:23:31'),(428,12,'2677','Honda Miramontes','hondamiramontes.com.mx',1,'2026-02-28 19:23:31'),(429,12,'2546','Honda Montejo','honda-sureste.com.mx',1,'2026-02-28 19:23:31'),(430,12,'2586','Honda Morelos','hondamorelos.com.mx',1,'2026-02-28 19:23:31'),(431,12,'2558','Honda Obregón','hondapremiumobregon.com',1,'2026-02-28 19:23:31'),(432,12,'2532','Honda Poniente','hondaponiente.com.mx',1,'2026-02-28 19:23:31'),(433,12,'2572','Honda Prestigio','hondaprestigio.mx',1,'2026-02-28 19:23:31'),(434,12,'2698','Honda San Antonio','hondasanantonio.com.mx',1,'2026-02-28 19:23:31'),(435,12,'2569','Honda Santa Clara','hondasantaclara.com.mx',1,'2026-02-28 19:23:31'),(436,12,'2568','Honda Santa Fe','hondasantafe.mx',1,'2026-02-28 19:23:31'),(437,12,'2523','Honda Satélite','hondasatelite.com.mx',1,'2026-02-28 19:23:31'),(438,12,'2675','Honda Serdán','hondaserdan.com.mx',1,'2026-02-28 19:23:31'),(439,12,'2578','Honda Tamulte','hondatamulte.com.mx',1,'2026-02-28 19:23:31'),(440,12,'2534','Honda Tec','hondatec.com.mx',1,'2026-02-28 19:23:31'),(441,12,'2533','Honda Tecnológico','www.hondatecnologico.com.mx',1,'2026-02-28 19:23:31'),(442,12,'2679','Honda Tehuacán','hondatehuacan.com.mx',1,'2026-02-28 19:23:31'),(443,12,'2560','Honda Tepic','hondatepic.com.mx',1,'2026-02-28 19:23:31'),(444,12,'2680','Honda Tezontle','hondatezontle.com.mx',1,'2026-02-28 19:23:31'),(445,12,'2525','Honda Tlalnepantla','hondatlalnepantla.com.mx',1,'2026-02-28 19:23:31'),(446,12,'2678','Honda Tlaxcala','hondatlaxcala.com',1,'2026-02-28 19:23:31'),(447,12,'2590','Honda Tollocan','hondatollocan.mx',0,'2026-02-28 18:29:34'),(448,12,'2561','Honda Vallarta','hondavallarta.com.mx',0,'2026-02-28 18:29:34'),(449,12,'2531','Honda Valle Oriente','hondavalleoriente.com.mx',0,'2026-02-28 18:29:34'),(450,12,'2682','Honda Vallejo','hondavallejo.com.mx',0,'2026-02-28 18:29:34'),(451,12,'2570','Honda Visión','hondavision.com.mx',0,'2026-02-28 18:29:34'),(452,12,'2686','Honda Zacatecas','hondareal.com',0,'2026-02-28 18:29:34'),(453,12,'2556','Honda Zaragoza','hondazaragoza.com.mx',0,'2026-02-28 18:29:34'),(454,12,'2627','Servicio Honda Perinorte','hondaperinorte.com.mx',0,'2026-02-28 18:29:34'),(455,13,'4512','Lincoln BC','lincolnsurmanbc.mx',1,'2026-02-28 19:23:42'),(456,13,'4526','Lincoln Cancún','lincolncancun.mx',1,'2026-02-28 19:23:42'),(457,13,'4505','Lincoln Condesa','lincolnpasacondesa.mx',1,'2026-02-28 19:23:42'),(458,13,'4536','Lincoln Country Aguascalientes','lincolncountryaguascalientes.mx',1,'2026-02-28 19:23:42'),(459,13,'4534','Lincoln Country Guadalajara','lincolncountryguadalajara.mx',1,'2026-02-28 19:23:42'),(460,13,'4521','Lincoln Chiapas','lincolndisauto.mx',1,'2026-02-28 19:23:42'),(461,13,'4516','Lincoln Chihuahua','lincolnprodauto.mx',1,'2026-02-28 19:23:42'),(462,13,'4501','Lincoln Hermosillo','lincolnhermosillo.mx',1,'2026-02-28 19:23:42'),(463,13,'4525','Lincoln Interlomas','lincolnleyenda.mx',1,'2026-02-28 19:23:42'),(464,13,'4533','Lincoln Interlomas GP','lincolninterlomasgp.mx',1,'2026-02-28 19:23:42'),(465,13,'4532','Lincoln Laguna','lincolnlaguna.mx',1,'2026-02-28 19:23:42'),(466,13,'4514','Lincoln León','lincolnleon.mx',1,'2026-02-28 19:23:42'),(467,13,'4527','Lincoln Monterrey','lincolnmty.mx',1,'2026-02-28 19:23:42'),(468,13,'4535','Lincoln Mty Lindavista','lincolnmtylindavista.com',1,'2026-02-28 19:23:42'),(469,13,'4513','Lincoln Pasa Juarez','lincolnpasajuarez.mx',1,'2026-02-28 19:23:42'),(470,13,'4509','Lincoln Patria','lincolnjaliscomotors.mx',1,'2026-02-28 19:23:42'),(471,13,'4507','Lincoln Picacho','lincolnpicacho.mx',1,'2026-02-28 19:23:42'),(472,13,'4528','Lincoln Puebla','lincolnpuebla.mx',1,'2026-02-28 19:23:42'),(473,13,'4510','Lincoln Saltillo','lincolnsaltillo.mx',1,'2026-02-28 19:23:42'),(474,13,'4506','Lincoln Santa Fe','lincolnmylsa.mx',1,'2026-02-28 19:23:42'),(475,13,'4520','Lincoln Sinaloa','lincolnatcsa.mx',1,'2026-02-28 19:23:42'),(476,13,'4531','Lincoln Veracruz','www.lincolnveracruz.mx',1,'2026-02-28 19:23:42'),(477,13,'4515','Lincoln Yucatán','lincolnyucatan.mx',1,'2026-02-28 19:23:42'),(478,13,'4530','Lincoln Zona Esmeralda','www.lincolnzapatazonaesmeralda.mx',1,'2026-02-28 19:23:42'),(479,14,'5514','SEAT LA VILLA','www.seat-lavilla.com.mx',1,'2026-02-28 19:23:51'),(480,14,'5572','SEAT Lomas Verdes','seat-lomasverdes.mx',1,'2026-02-28 19:23:51'),(481,14,'5556','SEAT AGRÍCOLA','seat-agricola.com.mx',1,'2026-02-28 19:23:51'),(482,14,'5564','SEAT AGUA AZUL GUADALAJARA','seat-aguaazul.com.mx',1,'2026-02-28 19:23:51'),(483,14,'5530','SEAT AUTOFÓRUM','www.autoforum.com.mx',1,'2026-02-28 19:23:51'),(484,14,'5538','SEAT AUTOFORUM APIZACO','www.autoforumapizaco.com.mx',1,'2026-02-28 19:23:51'),(485,14,'5532','SEAT AUTOFÓRUM TEHUACÁN','www.autoforumtehuacan.com.mx',1,'2026-02-28 19:23:51'),(486,14,'5566','Seat Autoforum Veracruz','www.autoforumveracruz.com.mx',1,'2026-02-28 19:23:51'),(487,14,'5533','SEAT Autolux Cancun Playa del Carmen','www.seat-caribe.com.mx',1,'2026-02-28 19:23:51'),(488,14,'5531','SEAT AUTOMOTRIZ BONN DORADA','www.seat-bonndorada.com.mx',1,'2026-02-28 19:23:51'),(489,14,'5528','SEAT AUTOMOTRIZ SINALOENSE','www.seat-sinaloense.com.mx',1,'2026-02-28 19:23:51'),(490,14,'5524','SEAT AUTOS ESPAÑOLES','www.seatmorelia.com.mx',1,'2026-02-28 19:23:51'),(491,14,'5519','SEAT AUTOS LOMAS','www.seat-autoslomas.com.mx',1,'2026-02-28 19:23:51'),(492,14,'5505','SEAT CAMPECHE','www.seat-campeche.com.mx',1,'2026-02-28 19:23:51'),(493,14,'5550','SEAT CELAYA','www.seat-celaya.com.mx',1,'2026-02-28 19:23:51'),(494,14,'5568','SEAT CÓRDOBA','seat-cordoba.com.mx',1,'2026-02-28 19:23:51'),(495,14,'5542','SEAT CUAUTITLÁN','www.seat-cuautitlan.com.mx',1,'2026-02-28 19:23:51'),(496,14,'5525','SEAT Cuernavaca','www.seat-cuernavaca.com.mx',1,'2026-02-28 19:23:51'),(497,14,'5565','SEAT CHAPULTEPEC','www.seat-chapultepec.com.mx',1,'2026-02-28 19:23:51'),(498,14,'5553','SEAT CHIAPAS','seatchiapas.mx',1,'2026-02-28 19:23:51'),(499,14,'5549','SEAT CHIHUAHUA','seat-chihuahua.com.mx',1,'2026-02-28 19:23:51'),(500,14,'5545','SEAT DEPORAUTOS DEL CENTRO','www.seat-agsdeporautos.com.mx',1,'2026-02-28 19:23:51'),(501,14,'5560','SEAT ECATEPEC','www.seat-eca.com.mx',1,'2026-02-28 19:23:51'),(502,14,'5523','SEAT EUROMADRID','www.euromadrid.com.mx',1,'2026-02-28 19:23:51'),(503,14,'5508','SEAT FURIA','www.seat-furia.com.mx',1,'2026-02-28 19:23:51'),(504,14,'5520','SEAT FURIA ACAPULCO','www.seatfuriaacapulco.com.mx',1,'2026-02-28 19:23:51'),(505,14,'5562','Seat Furia Motors Monterrey','www.seatfuriamty.com',1,'2026-02-28 19:23:51'),(506,14,'5555','SEAT INSURGENTES','seat-insurgentes.com.mx',1,'2026-02-28 19:23:51'),(507,14,'5516','SEAT INTERLOMAS','www.seatinterlomas.com.mx',1,'2026-02-28 19:23:51'),(508,14,'5503','SEAT LA PAZ','www.seat-lapaz.com.mx',1,'2026-02-28 19:23:51'),(509,14,'5563','SEAT León','seat-leon.com.mx',1,'2026-02-28 19:23:51'),(510,14,'5573','Seat LindaVista','www.seat-lindavista.com.mx',1,'2026-02-28 19:23:51'),(511,14,'5544','SEAT MANS MOTORS DE TORREÓN','www.seat-torreon.mx',1,'2026-02-28 19:23:51'),(512,14,'5541','SEAT MÉRIDA','www.seat-merida.com.mx',1,'2026-02-28 19:23:51'),(513,14,'5571','SEAT Navarra Motors','www.seat-navarramotors.com.mx',1,'2026-02-28 19:23:51'),(514,14,'5521','SEAT PACHUCA','autoforumpachuca.com.mx',1,'2026-02-28 19:23:51'),(515,14,'5511','SEAT PEDREGAL','www.seat-pedregal.com.mx',1,'2026-02-28 19:23:51'),(516,14,'5561','SEAT PIRINEOS COAPA','seat-pirineoscoapa.com.mx',1,'2026-02-28 19:23:51'),(517,14,'5552','SEAT POLANCO','www.seat-polanco.com.mx',1,'2026-02-28 19:23:51'),(518,14,'5534','SEAT POTOSINA','www.seat-potosina.com.mx',1,'2026-02-28 19:23:51'),(519,14,'5510','SEAT PUERTO AÉREO','www.seat-puertoaereo.com.mx',1,'2026-02-28 19:23:51'),(520,14,'5501','SEAT QUERÉTARO','www.seatqro.com.mx',1,'2026-02-28 19:23:51'),(521,14,'5529','SEAT RIOJA','www.seat-rioja.com.mx',1,'2026-02-28 19:23:51'),(522,14,'5547','SEAT SALTILLO','www.seat-saltillo.com',1,'2026-02-28 19:23:51'),(523,14,'5509','SEAT SAN ANGEL MOTORS','www.seat-sanangel.com.mx',1,'2026-02-28 19:23:51'),(524,14,'5558','SEAT SAN JUAN DEL RÍO','www.seat-sjr.com.mx',1,'2026-02-28 19:23:51'),(525,14,'5513','SEAT SANTA FE','www.seatsantafe.com.mx',1,'2026-02-28 19:23:51'),(526,14,'5535','SEAT TABASCO','www.seat-tabasco.com.mx',1,'2026-02-28 19:23:51'),(527,14,'5536','SEAT TAMPICO','www.seat-tampico.com.mx',1,'2026-02-28 19:23:51'),(528,14,'5515','SEAT TOLUCA','www.seat-toluca.com.mx',1,'2026-02-28 19:23:51'),(529,14,'5557','SEAT VALLEJO','www.seat-vallejo.com.mx',1,'2026-02-28 19:23:51'),(530,14,'5522','SEAT Vaqcsa Guadalajara','seat-vaqcsa.com.mx',1,'2026-02-28 19:23:51'),(531,14,'5540','SEAT XALAPA','www.seat-xalapa.com.mx',1,'2026-02-28 19:23:51'),(532,15,'6716','Ford Americas','www.fordamericas.mx',1,'2026-02-28 19:24:01'),(533,15,'6518','Ford Andrade La Viga','www.fordandrade.mx',1,'2026-02-28 19:24:01'),(534,15,'6673','Ford Andrade Tepepan','www.fordandradetepepan.com.mx',1,'2026-02-28 19:24:01'),(535,15,'6656','Ford Andrade Zaragoza','www.fordandradezaragoza.mx',1,'2026-02-28 19:24:01'),(536,15,'6599','Ford Automotriz Monterrey','www.fordamty.mx',1,'2026-02-28 19:24:01'),(537,15,'6571','Ford Caborca','www.fordcaborca.mx',1,'2026-02-28 19:24:01'),(538,15,'6698','Ford Campeche','www.fordcdacampeche.mx',1,'2026-02-28 19:24:01'),(539,15,'6717','Ford Cancun','www.fordcancun.mx',1,'2026-02-28 19:24:01'),(540,15,'6629','Ford Car One Lazaro Cardenas','www.fordcarone.mx',1,'2026-02-28 19:24:01'),(541,15,'6643','Ford Car One Vasconcelos','www.fordvasconcelos.mx',1,'2026-02-28 19:24:01'),(542,15,'6700','Ford Carmen','www.fordcarmen.mx',1,'2026-02-28 19:24:01'),(543,15,'6710','Ford Cavsa Ciudad Guzmán','www.fordcavsaguzman.mx',1,'2026-02-28 19:24:01'),(544,15,'6668','Ford CAVSA Colima','www.cavsacolima.mx',1,'2026-02-28 19:24:01'),(545,15,'6709','Ford Cavsa Manzanillo','www.fordcavsamanzanillo.mx',1,'2026-02-28 19:24:01'),(546,15,'6532','Ford CEVER Azcapotzalco','www.fordazcapotzalco.mx',1,'2026-02-28 19:24:01'),(547,15,'6607','Ford CEVER Durango','www.forddurango.mx',1,'2026-02-28 19:24:01'),(548,15,'6706','Ford Cever Universidad','www.fordceveruniversidad.mx',1,'2026-02-28 19:24:01'),(549,15,'6686','Ford Citelis Celaya','www.fordciteliscelaya.mx',1,'2026-02-28 19:24:01'),(550,15,'6685','Ford Citelis Querétaro','www.fordcitelisqueretaro.mx',1,'2026-02-28 19:24:01'),(551,15,'6677','Ford Coatzacoalcos','www.fordcoatza.mx',1,'2026-02-28 19:24:01'),(552,15,'6714','Ford Córdoba','www.fordcordoba10.mx',1,'2026-02-28 19:24:01'),(553,15,'6722','Ford Country Agua Azul','www.fordcountryaguaazul.mx',1,'2026-02-28 19:24:01'),(554,15,'6670','Ford Country Aguascalientes','www.fordcountryags.mx',1,'2026-02-28 19:24:01'),(555,15,'6576','Ford Country Americas','www.fordcountrymotors.mx',1,'2026-02-28 19:24:01'),(556,15,'6695','Ford Country Patria','www.fordcountrypatria.mx',1,'2026-02-28 19:24:01'),(557,15,'6718','Ford Country Queretaro','www.fordcountryqueretaro.mx',1,'2026-02-28 19:24:01'),(558,15,'6667','Ford Country Zoo','www.fordcountryzoo.mx',1,'2026-02-28 19:24:01'),(559,15,'6502','Ford Cuernavaca','www.fordcuernavaca.mx',1,'2026-02-28 19:24:01'),(560,15,'6569','Ford Culiacán','www.fordatcsa.mx',1,'2026-02-28 19:24:01'),(561,15,'6631','Ford Cumbres','www.fordcumbres.mx',1,'2026-02-28 19:24:01'),(562,15,'6696','Ford Chetumal','www.fordchetumal.mx',1,'2026-02-28 19:24:01'),(563,15,'6530','Ford Dinastía México','www.forddinastia.mx',1,'2026-02-28 19:24:01'),(564,15,'6551','Ford Dinastía Oaxaca','www.forddaosa.mx',1,'2026-02-28 19:24:01'),(565,15,'6512','Ford DISAUTO Chiapas','www.forddisauto.mx',1,'2026-02-28 19:24:01'),(566,15,'6540','Ford Ecatepec','www.fordecatepec.mx',1,'2026-02-28 19:24:01'),(567,15,'6688','Ford Elfer Tampico','www.fordelfertampico.mx',1,'2026-02-28 19:24:01'),(568,15,'6625','Ford Elfer Torreon','www.fordelfer.mx',1,'2026-02-28 19:24:01'),(569,15,'6713','Ford Elfer Victoria','www.fordvictoria.mx',1,'2026-02-28 19:24:01'),(570,15,'6703','Ford Garza Sada','www.fordgarzasada.mx',1,'2026-02-28 19:24:01'),(571,15,'6626','Ford Gema','www.fordgema.mx',1,'2026-02-28 19:24:01'),(572,15,'6536','Ford Gimsa Los Reyes','www.fordgimsalosreyes.mx',1,'2026-02-28 19:24:01'),(573,15,'6548','Ford Gimsa Toluca','www.fordgimsa.mx',1,'2026-02-28 19:24:01'),(574,15,'6619','Ford Gómez Palacio','www.fordgomezpalacio.mx',1,'2026-02-28 19:24:01'),(575,15,'6552','Ford Guerrero','www.fordguerrero.mx',1,'2026-02-28 19:24:01'),(576,15,'6582','Ford Hermosillo','www.fordhermosillo.mx',1,'2026-02-28 19:24:01'),(577,15,'6708','Ford Interlomas','www.fordinterlomas.mx',1,'2026-02-28 19:24:01'),(578,15,'6610','Ford Jalapa','www.fordxalapa.mx',1,'2026-02-28 19:24:01'),(579,15,'6567','Ford Jalisco Motors','www.fordjaliscomotors.mx',1,'2026-02-28 19:24:01'),(580,15,'6574','Ford La Paz','www.fordbajacal.mx',1,'2026-02-28 19:24:01'),(581,15,'6573','Ford La Piedad','www.fordlapiedad.mx',1,'2026-02-28 19:24:01'),(582,15,'6527','Ford Lomas Automotriz','www.fordlomas.mx',1,'2026-02-28 19:24:01'),(583,15,'6564','Ford Los Mochis','www.fordmochis.mx',1,'2026-02-28 19:24:01'),(584,15,'6694','Ford Matamoros','www.fordmatamoros.mx',1,'2026-02-28 19:24:01'),(585,15,'6563','Ford Mexicali','www.fordautopasion.mx',1,'2026-02-28 19:24:01'),(586,15,'6682','Ford Miguel Alemán','www.fordmiguelaleman.mx',1,'2026-02-28 19:24:01'),(587,15,'6598','Ford Monclova','www.fordmonclova.mx',1,'2026-02-28 19:24:01'),(588,15,'6523','Ford Mylsa Cien Metros','www.fordmylsa.mx',1,'2026-02-28 19:24:01'),(589,15,'6560','Ford Mylsa Querétaro','www.fordmylsaqueretaro.mx',1,'2026-02-28 19:24:01'),(590,15,'6701','Ford Mylsa San Juan del Rio','www.fordmylsasanjuandelrio.mx',1,'2026-02-28 19:24:01'),(591,15,'6630','Ford Mylsa Tehuacán','www.fordmylsatehuacan.mx',1,'2026-02-28 19:24:01'),(592,15,'6648','Ford Nogales','www.fordnogales.mx',1,'2026-02-28 19:24:01'),(593,15,'6627','Ford Nuevo Laredo','www.fordlaredomotors.mx',1,'2026-02-28 19:24:01'),(594,15,'6555','Ford Obregón','www.fordobregon.mx',1,'2026-02-28 19:24:01'),(595,15,'6647','Ford PASA Casas Grandes','www.pasacasasgrandes.mx',1,'2026-02-28 19:24:01'),(596,15,'6687','Ford PASA Ciudad Juarez','www.fordjuarez.mx',1,'2026-02-28 19:24:01'),(597,15,'6712','Ford PASA Condesa','www.fordpasacondesa.mx',1,'2026-02-28 19:24:01'),(598,15,'6621','Ford PASA Chihuahua','www.fordprodauto.mx',1,'2026-02-28 19:24:01'),(599,15,'6645','Ford PASA Delicias','www.pasadelicias.mx',1,'2026-02-28 19:24:01'),(600,15,'6632','Ford PASA La Fe','www.fordlafe.mx',1,'2026-02-28 19:24:01'),(601,15,'6604','Ford PASA Parral','www.pasaparral.mx',1,'2026-02-28 19:24:01'),(602,15,'6680','Ford PASA Sendero','www.fordpasasendero.mx',1,'2026-02-28 19:24:01'),(603,15,'6711','Ford Pasa Tlalpan','www.fordpasatlalpan.mx',1,'2026-02-28 19:24:01'),(604,15,'6676','Ford PASA Torreón','www.pasalaguna.mx',1,'2026-02-28 19:24:01'),(605,15,'6526','Ford Picacho Pedregal','www.fordpicacho.mx',1,'2026-02-28 19:24:01'),(606,15,'6534','Ford Picacho Tláhuac','www.fordpicachotlahuac.mx',1,'2026-02-28 19:24:01'),(607,15,'6593','Ford Piedras Negras','www.fordpiedrasnegras.mx',1,'2026-02-28 19:24:01'),(608,15,'6562','Ford Plasencia de Nayarit','www.fordplasencianayarit.mx',1,'2026-02-28 19:24:01'),(609,15,'6561','Ford Plasencia Guadalajara','www.fordplasencia.mx',1,'2026-02-28 19:24:01'),(610,15,'6568','Ford Plasencia Mazatlan','www.fordplasenciamazatlan.mx',1,'2026-02-28 19:24:01'),(611,15,'6572','Ford Plasencia Puerto Vallarta','www.fordplasenciapuertovallarta.mx',1,'2026-02-28 19:24:01'),(612,15,'6657','Ford Plasencia Santa Anita','www.fordsantaanita.mx',1,'2026-02-28 19:24:01'),(613,15,'6699','Ford Polanco','www.fordpolanco.mx',1,'2026-02-28 19:24:01'),(614,15,'6705','Ford Poza Rica','www.fordpoza.mx',1,'2026-02-28 19:24:01'),(615,15,'6547','Ford Quintana Roo','www.fordquintanaroo.mx',1,'2026-02-28 19:24:01'),(616,15,'6702','Ford Ravisa Las Américas','www.fordravisalasamericas.mx',1,'2026-02-28 19:24:01'),(617,15,'6590','Ford Ravisa Motors','www.fordravisa.mx',1,'2026-02-28 19:24:01'),(618,15,'6600','Ford Reynosa','www.fordreynosa.mx',1,'2026-02-28 19:24:01'),(619,15,'6652','Ford Rivera Angelópolis','www.riveraangelopolis.mx',1,'2026-02-28 19:24:01'),(620,15,'6514','Ford Rivera Loreto','www.fordrivera.mx',1,'2026-02-28 19:24:01'),(621,15,'6721','Ford Rivera Serdán','www.fordserdan.mx',1,'2026-02-28 19:24:01'),(622,15,'6707','Ford Rivera Tlaxcala','www.fordriveratlaxcala.mx',1,'2026-02-28 19:24:01'),(623,15,'6697','Ford Riviera Maya','www.fordrivieramaya.mx',1,'2026-02-28 19:24:01'),(624,15,'6622','Ford Sabinas','www.fordsabinas.mx',1,'2026-02-28 19:24:01'),(625,15,'6623','Ford Saltillo','www.fordsaltillo.mx',1,'2026-02-28 19:24:01'),(626,15,'6544','Ford Sánchez Automotriz','www.fordsanchez.mx',1,'2026-02-28 19:24:01'),(627,15,'6675','Ford Santa Fe','www.ford-santafe.mx',1,'2026-02-28 19:24:01'),(628,15,'6693','Ford SERETESA Martínez','www.fordvemarsa.mx',1,'2026-02-28 19:24:01'),(629,15,'6683','Ford SS de Guanajuato','www.fordsscapital.mx',1,'2026-02-28 19:24:01'),(630,15,'6586','Ford SS de Irapuato','www.fordssirapuato.mx',1,'2026-02-28 19:24:01'),(631,15,'6584','Ford SS de Lagos De Moreno','www.fordlagos.mx',1,'2026-02-28 19:24:01'),(632,15,'6587','Ford SS de León','www.fordssleon.mx',1,'2026-02-28 19:24:01'),(633,15,'6664','Ford SS de San Luis Potosi','www.fordsanluis.mx',1,'2026-02-28 19:24:01'),(634,15,'6589','Ford Surman BC','www.fordsurmanbc.mx',1,'2026-02-28 19:24:01'),(635,15,'6720','Ford Surman Ensenada','www.fordsurmanensenada.mx',1,'2026-02-28 19:24:01'),(636,15,'6689','Ford Surman La Villa','www.fordsurmanlavilla.com',1,'2026-02-28 19:24:01'),(637,15,'6538','Ford Surman Marina','www.fordsurman.mx',1,'2026-02-28 19:24:01'),(638,15,'6516','Ford Tabasco','www.fordtabasco.mx',1,'2026-02-28 19:24:01'),(639,15,'6522','Ford Tapachula','www.fordtapachula.mx',1,'2026-02-28 19:24:01'),(640,15,'6617','Ford Teziutlán','www.fordteziutlan.mx',1,'2026-02-28 19:24:01'),(641,15,'6692','Ford Universidad','www.forduniversidad.mx',1,'2026-02-28 19:24:01'),(642,15,'6557','Ford Uruapan','www.forduruapan.mx',1,'2026-02-28 19:24:01'),(643,15,'6504','Ford Yucatán','www.fordyucatan.mx',1,'2026-02-28 19:24:01'),(644,15,'6592','Ford Zacatecas','www.fordaucaza.mx',1,'2026-02-28 19:24:01'),(645,15,'6581','Ford Zamora','www.fordzamora.mx',1,'2026-02-28 19:24:01'),(646,15,'6543','Ford Zapata Aeropuerto','www.fordzapatatexcoco.mx',1,'2026-02-28 19:24:01'),(647,15,'6715','Ford Zapata Atizapán','www.fordzapataatizapan.mx',1,'2026-02-28 19:24:01'),(648,15,'6690','Ford Zapata Lomas Verdes','www.fordzapatalomasverdes.mx',1,'2026-02-28 19:24:01'),(649,15,'6549','Ford Zapata Pachuca','www.fordzapatapachuca.mx',1,'2026-02-28 19:24:01'),(650,15,'6507','Ford Zapata Tlalnepantla','www.fordzapata.mx',1,'2026-02-28 19:24:01'),(651,15,'6681','Ford Zapata Tula','www.fordzapatatula.mx',1,'2026-02-28 19:24:01'),(652,15,'6691','Ford Zapata Zona Esmeralda','www.fordzapatazonaesmeralda.mx',1,'2026-02-28 19:24:01'),(653,22,'20200','DEMO CAMIONES MERCEDES V3','mty.exagono.net/V3CMB',1,'2026-02-28 19:24:11'),(654,22,'20201','Mercedes-Benz Vanes','autosat-vanes.mx',1,'2026-02-28 19:24:11'),(655,29,'8815','Alfa Romeo Aguascalientes','alfaromeoags.mx',1,'2026-02-28 19:28:14'),(656,29,'8808','Alfa Romeo CDMX Pedregal','alfaromeopedregal.com.mx',1,'2026-02-28 19:28:14'),(657,29,'8820','Alfa Romeo Guadalajara Country','alfaromeocountry.mx',1,'2026-02-28 19:28:14'),(658,29,'8810','Alfa Romeo Guadalajara Las Fuentes','alfaromeocamarena.com.mx',1,'2026-02-28 19:28:14'),(659,29,'8803','Alfa Romeo Interlomas','alfaromeointerlomas.mx',1,'2026-02-28 19:28:14'),(660,29,'8806','Alfa Romeo León','alfaromeoleon.com.mx',1,'2026-02-28 19:28:14'),(661,29,'8817','Alfa Romeo Merida','alfaromeomerida.mx',1,'2026-02-28 19:28:14'),(662,29,'8814','Alfa Romeo Monterrey','alfaromeomty.com.mx',1,'2026-02-28 19:28:14'),(663,29,'8816','Alfa Romeo Morelia','alfaromeosoldemichoacan.com',1,'2026-02-28 19:28:14'),(664,29,'8811','Alfa Romeo Polanco','autopolancoalfaromeo.com.mx',1,'2026-02-28 19:28:14'),(665,29,'8801','Alfa Romeo Puebla Angelópolis','alfaromeopuebla.com.mx',1,'2026-02-28 19:28:14'),(666,29,'8807','Alfa Romeo Toluca','alfaromeo-toluca.com.mx',1,'2026-02-28 19:28:14'),(667,33,'7812','Hyundai Cuautitlán','www.hyundaicuautitlan.com.mx',1,'2026-02-28 19:28:25'),(668,33,'7813','Hyundai Ecatepec','www.hyundaiecatepec.com.mx',1,'2026-02-28 19:28:25'),(669,33,'7821','Hyundai Iztapalapa','www.hyundaiiztapalapa.com.mx',1,'2026-02-28 19:28:25'),(670,33,'7807','Hyundai Satélite','hyundaisatelite.com.mx',1,'2026-02-28 19:28:25'),(671,34,'9009','Acura Cleber','acuracleber.com',1,'2026-02-28 19:28:36'),(672,34,'9011','Acura Interlomas','acurainterlomas.mx',1,'2026-02-28 19:28:36'),(673,34,'9002','Acura Lomas Verdes','acuralomasverdes.com.mx',1,'2026-02-28 19:28:36'),(674,34,'9008','Acura Puebla','acurapuebla.com.mx',1,'2026-02-28 19:28:36'),(675,34,'9005','Acura Sinaloa','www.acurasinaloa.com.mx',1,'2026-02-28 19:28:36'),(676,39,'20501','Kia Coacalco','kia-coacalco.com.mx',1,'2026-02-28 19:28:46'),(677,39,'20502','Kia Ecatepec','kia-ecatepec.com.mx',1,'2026-02-28 19:28:46'),(678,42,'69','Alica Automotriz','alica-automotriz.com.mx',1,'2026-02-28 18:34:56'),(679,42,'14','Alta Motriz','stellantiscleber.com',1,'2026-02-28 18:34:56'),(680,42,'46','Auto Centro de Celaya','www.chryslercelaya.com.mx',1,'2026-02-28 18:34:56'),(681,42,'144','Auto Centro de Celaya (Suc. San Miguel de Allende)','www.chryslersanmiguel.com.mx',1,'2026-02-28 18:34:56'),(682,42,'301','Auto Distribuidores del Centro (Suc. Galerías)','www.dist-del-centro.com.mx',1,'2026-02-28 18:34:56'),(683,42,'521','Auto Nord S.A. De C.V.','autoscomercialescever.mx',1,'2026-02-28 18:34:56'),(684,42,'295','Auto Productos de la Costa (Suc. Tecate)','autoproductostecate.com.mx',1,'2026-02-28 18:34:56'),(685,42,'17','Autoangar Ermita','autoangarermita.com.mx',1,'2026-02-28 18:34:56'),(686,42,'296','Autoangar Tepepan','autoangartepepan.com.mx',1,'2026-02-28 18:34:56'),(687,42,'537','Autoangar Tlalpan','autoangartlalpan.com.mx',1,'2026-02-28 18:34:56'),(688,42,'47','Autobacsa León Campestre','www.autobacsa.com.mx',1,'2026-02-28 18:34:56'),(689,42,'18','Autokasa Viaducto','www.autokasa.com.mx',1,'2026-02-28 18:34:56'),(690,42,'117','Automaya','www.automaya.com.mx',1,'2026-02-28 18:34:56'),(691,42,'236','Automaya Montejo','montejo.automaya.com.mx',1,'2026-02-28 18:34:56'),(692,42,'276','Automaya Valladolid','automayavalladolid.com.mx',1,'2026-02-28 18:34:56'),(693,42,'49','Automotores Guanajuato','https://www.automotoresgto.com.mx/',1,'2026-02-28 18:34:56'),(694,42,'78','Automotores Antequera','www.automotoresantequera.com.mx',1,'2026-02-28 18:34:56'),(695,42,'48','Automotores de León','https://www.automotoresdeleon.com.mx',1,'2026-02-28 18:34:56'),(696,42,'20','Automotores de México','www.automotoresdemexico.com.mx',1,'2026-02-28 18:34:56'),(697,42,'153','Automotores Floso (Suc. Ocotlán)','flosolocotlan.com.mx',1,'2026-02-28 18:34:56'),(698,42,'61','Automotores Flosol','www.autosflosol.com.mx',1,'2026-02-28 18:34:56'),(699,42,'152','Automotores Flosol (Suc. La Piedad)','flosollapiedad.com.mx',1,'2026-02-28 18:34:56'),(700,42,'22','Automotriz Campa','www.automotriz-campa.com.mx',1,'2026-02-28 18:34:56'),(701,42,'86','Automotriz Caribe','www.automotriz-caribe.com.mx',1,'2026-02-28 18:34:56'),(702,42,'154','Automotriz Caribe (Suc. Playa del Carmen)','www.automotriz-caribeplaya.com.mx',1,'2026-02-28 18:34:56'),(703,42,'40','Automotriz de Durango','www.auto-durango.com.mx',1,'2026-02-28 18:34:56'),(704,42,'5','Automotriz de Sabinas','www.auto-sabinas.com.mx',1,'2026-02-28 18:34:56'),(705,42,'7','Automotriz Lagunera','www.autolasa.com.mx',1,'2026-02-28 18:34:56'),(706,42,'81','Automotriz Reyes Huerta','reyeshuerta.com.mx',1,'2026-02-28 18:34:56'),(707,42,'100','Automotriz Sonorense','www.auto-sonorense.com.mx',1,'2026-02-28 18:34:56'),(708,42,'105','Automotriz Tamaulipas','www.automotriz-tamps.com.mx',1,'2026-02-28 18:34:56'),(709,42,'548','Automóviles CGE de Zacatecas','www.cgelagos.mx',1,'2026-02-28 18:34:56'),(710,42,'552','Automóviles CGE de Zacatecas','www.cgeaguascalientes.mx',1,'2026-02-28 18:34:56'),(711,42,'310','Automoviles CGE de Zacatecas (Suc Fresnillo)','www.cgefresnillo.mx',1,'2026-02-28 18:34:56'),(712,42,'309','Automoviles CGE de Zacatecas (Suc Guadalupe)','www.chryslerzacatecas.mx',1,'2026-02-28 18:34:56'),(713,42,'250','Automóviles y Camiones (Suc. Barragán)','www.chryslersannicolas.com',1,'2026-02-28 18:34:56'),(714,42,'73','Automóviles y Camiones (Universidad)','www.automovilesycam.com.mx',1,'2026-02-28 18:34:56'),(715,42,'26','Automundo','www.automundo.com.mx',1,'2026-02-28 18:34:56'),(716,42,'246','Autopolanco ( Plaza Carso )','www.autopolanco.com.mx',1,'2026-02-28 18:34:56'),(717,42,'6','Autos del Norte','www.autos-del-norte.com.mx',1,'2026-02-28 18:34:56'),(718,42,'212','Autos Elegantes de Pachuca','www.chryslerpachuca.com.mx',1,'2026-02-28 18:34:56'),(719,42,'50','Autos Finos de Irapuato','autosdeirapuato.com.mx',1,'2026-02-28 18:34:56'),(720,42,'8','Autos Monclova','www.autos-monclova.com.mx',1,'2026-02-28 18:34:56'),(721,42,'551','Autos y Tractores de Sinaloa','automotrizdelnoroeste.mx',1,'2026-02-28 18:34:56'),(722,42,'95','Caborca Automotriz','www.caborca-auto.com.mx',1,'2026-02-28 18:34:56'),(723,42,'163','Caborca Automotriz (Suc. Nogales)','www.nogales.caborca-auto.com.mx',1,'2026-02-28 18:34:56'),(724,42,'55','Camarena Automotriz de Occidente','www.camarena-auto.com.mx',1,'2026-02-28 18:34:56'),(725,42,'550','Camarena Automotriz de Occidente S.A. de C.V. (Sucursal Guadalajara)','camarena-gdl.com.mx',1,'2026-02-28 18:34:56'),(726,42,'517','Cambrev Automotriz','pasastellantischihuahua.com.mx',1,'2026-02-28 18:34:56'),(727,42,'555','Cambrev Automotriz Tijuana','pasatijuana.com',1,'2026-02-28 18:34:56'),(728,42,'554','CAMBREV TLALNEPANTLA','pasatlalnepantla.com.mx',1,'2026-02-28 18:34:56'),(729,42,'75','Car One Monterrey (Suc. Santa Lucia)','www.car-one.com.mx',1,'2026-02-28 18:34:56'),(730,42,'297','Car One Monterrey S.A. de C.V. (Suc. Contry)','caronechryslercontry.com.mx',1,'2026-02-28 18:34:56'),(731,42,'9','Coahuila Motors','www.coahuilamotors.com.mx',1,'2026-02-28 18:34:56'),(732,42,'109','Comercial Automotriz de Poza Rica','fiatpeugeotpozarica.com.mx',1,'2026-02-28 18:34:56'),(733,42,'165','Comercial Automotriz de Poza Rica (Suc. Tuxpan)','fiatpeugeottuxpan.com.mx',1,'2026-02-28 18:34:56'),(734,42,'44','Continental Metepec','www.continental.com.mx',1,'2026-02-28 18:34:56'),(735,42,'254','Continental Suc. Lerma','www.continental-lerma.com.mx',1,'2026-02-28 18:34:56'),(736,42,'87','Chetumal Automotores','www.chetumal-auto.com.mx',1,'2026-02-28 18:34:56'),(737,42,'158','Chrysler Cd. del Carmen','prestigiociudaddelcarmen.mx',1,'2026-02-28 18:34:56'),(738,42,'169','Chrysler Cuautla','www.cuernavacaautomotrizcuautla.com.mx',1,'2026-02-28 18:34:56'),(739,42,'68','Chrysler Cuernavaca','www.cuernavaca-auto.com.mx',1,'2026-02-28 18:34:56'),(740,42,'303','Chrysler Chilpancingo','chryslerchilpancingo.com.mx',1,'2026-02-28 18:34:56'),(741,42,'304','Chrysler Iguala','chrysleriguala.com.mx',1,'2026-02-28 18:34:56'),(742,42,'504','Chrysler Río Mayo','chrysler-riomayo.mx',1,'2026-02-28 18:34:56'),(743,42,'292','Chrysler  Texcoco','www.texcocomotors.com.mx',1,'2026-02-28 18:34:56'),(744,42,'213','Diez Córdoba','www.diez-cordoba.com.mx',1,'2026-02-28 18:34:56'),(745,42,'220','Diez de Coatzacoalcos','www.diez-coatza.com.mx',1,'2026-02-28 18:34:56'),(746,42,'223','Diez de Veracruz','www.diezveracruz.com.mx',1,'2026-02-28 18:34:56'),(747,42,'111','Diez Minatitlán','www.diez-minatitlan.com.mx',1,'2026-02-28 18:34:56'),(748,42,'217','Diez Orizaba','www.diez-orizaba.com.mx',1,'2026-02-28 18:34:56'),(749,42,'79','Diez Tehuacán','www.diez-tehuacan.com.mx',1,'2026-02-28 18:34:56'),(750,42,'170','Diez Tuxtepec','www.dieztuxtepec.com.mx',1,'2026-02-28 18:34:56'),(751,42,'51','Distribuidora de Acapulco','www.chrysleracapulco.com.mx',1,'2026-02-28 18:34:56'),(752,42,'547','Ecobike','www.autos-potosinos.com.mx',1,'2026-02-28 18:34:56'),(753,42,'89','Ecobike (Suc. Matehuala)','www.auto-matehuala.com.mx',1,'2026-02-28 18:34:56'),(754,42,'146','Ensenada - Autoproductos','www.autoproductosensenada.com.mx',1,'2026-02-28 18:34:56'),(755,42,'527','EUROSTAR BAJIO QUERETARO','www.eurostarqueretaro.com.mx',1,'2026-02-28 18:34:56'),(756,42,'536','EUROSURMAN ANZURES CDMX ANZURES','deserticaanzures.com.mx',1,'2026-02-28 18:34:56'),(757,42,'526','Eurosurman Cumbres','eurosurmancumbres.com.mx',1,'2026-02-28 18:34:56'),(758,42,'539','EUROVALLE ECATEPEC','eurovalleecatepec.com.mx',1,'2026-02-28 18:34:56'),(759,42,'65','Fame Automotriz Medina','www.medina-automotriz.com.mx',1,'2026-02-28 18:34:56'),(760,42,'130','Fame Querétaro','www.famequeretaro.com.mx',1,'2026-02-28 18:34:56'),(761,42,'518','Galojal Mainstream Country','galojalcountry.mx',1,'2026-02-28 18:34:56'),(762,42,'540','Galojal Patria','galojalpatria.mx',1,'2026-02-28 18:34:56'),(763,42,'541','Galojal Peugeot Professional Center','galojalprofessionalcountry.mx',1,'2026-02-28 18:34:56'),(764,42,'511','GEMA PREMIER','gemapremier.mx',1,'2026-02-28 18:34:56'),(765,42,'98','González R. Automotriz','www.gonzalezr.com.mx',1,'2026-02-28 18:34:56'),(766,42,'99','González R. Automotriz (Suc. Guaymas)','www.gonzalezrguaymas.com.mx',1,'2026-02-28 18:34:56'),(767,42,'234','Grumarmex Autos','grumarmextapachula.com',1,'2026-02-28 18:34:56'),(768,42,'244','Grumarmex Autos, S.A. de C.V.','grumarmexlcv.com.mx',1,'2026-02-28 18:34:56'),(769,42,'56','Grupo Camarena Automotriz  Sucursal Tepatitlán','www.camarenatepa.com.mx',1,'2026-02-28 18:34:56'),(770,42,'247','Grupo Camarena Automotriz Sucursal las Fuentes','www.camarenalasfuentes.com.mx',1,'2026-02-28 18:34:56'),(771,42,'249','Grupo Motormexa Ciudad Guzman','motormexa-cdguzman.com.mx',1,'2026-02-28 18:34:56'),(772,42,'221','Grupo Motormexa Colima','www.motormexa-colima.com.mx',1,'2026-02-28 18:34:56'),(773,42,'233','Grupo Motormexa Colima Manzanillo','motormexa-manzanillo.com.mx',1,'2026-02-28 18:34:56'),(774,42,'224','Grupo Motormexa Guadalajara','www.motormexa.com.mx',1,'2026-02-28 18:34:56'),(775,42,'193','Grupo Motormexa Guadalajara (Suc. Acueducto)','www.motormexazapopan.com.mx',1,'2026-02-28 18:34:56'),(776,42,'553','Grupo Motormexa Guadalajara (Sucursal Country)','motormexacountry.com.mx',1,'2026-02-28 18:34:56'),(777,42,'34','Guillermo Prieto y Cia.','www.gmo-prieto.com.mx',1,'2026-02-28 18:34:56'),(778,42,'30','Interlomas Mundo Automotriz','www.interlomaschrysler.com.mx',1,'2026-02-28 18:34:56'),(779,42,'36','Kasa Automotriz Satélite','www.kasaautomotriz.com.mx',1,'2026-02-28 18:34:56'),(780,42,'505','Kasa Coacalco','kasacoacalco.com.mx',1,'2026-02-28 18:34:56'),(781,42,'37','Kasa Naucalpan','www.kasanaucalpan.com.mx',1,'2026-02-28 18:34:56'),(782,42,'41','Lyon Motors','caasasurman.com',1,'2026-02-28 18:34:56'),(783,42,'218','Megamotors','www.megamotors.com.mx',1,'2026-02-28 18:34:56'),(784,42,'104','Megamotors (Suc. Matamoros)','www.refran-matamoros.com.mx',1,'2026-02-28 18:34:56'),(785,42,'528','Meridien Cancún','stellantiscancun.com.mx',1,'2026-02-28 18:34:56'),(786,42,'533','Meridien Mérida','stellantismerida.com.mx',1,'2026-02-28 18:34:56'),(787,42,'125','Mexicali - Autoproductos','www.autoproductosmexicali.com.mx',1,'2026-02-28 18:34:56'),(788,42,'66','Michoacán Motors','www.michoacan-motors.com.mx',1,'2026-02-28 18:34:56'),(789,42,'174','Michoacán Motors Suc. Zitácuaro','mmzitacuaro.com.mx',1,'2026-02-28 18:34:56'),(790,42,'76','Mirador Automotriz','www.mirador-auto.com.mx',1,'2026-02-28 18:34:56'),(791,42,'10','Misol Automotriz Torreón','www.misol-automotriz.com.mx',1,'2026-02-28 18:34:56'),(792,42,'175','Misol Automotriz, S.A. de C.V. (Suc. Gómez Palacio)','gomezpalacio.misol-automotriz.com.mx',1,'2026-02-28 18:34:56'),(793,42,'122','Nueva Automotriz del Toro','www.natsa.com.mx',1,'2026-02-28 18:34:56'),(794,42,'179','Nueva Automotriz del Toro (Suc. Los Cabos)','www.chryslerloscabos.com.mx',1,'2026-02-28 18:34:56'),(795,42,'92','Palmas Automotriz Mazatlán','www.palmasautomotriz.com.mx',1,'2026-02-28 18:34:56'),(796,42,'531','PEUGEOT HERMOSILLO','gemsoprofessional.com',1,'2026-02-28 18:34:56'),(797,42,'516','Peugeot Puerto Vallarta (Flosol)','flosolstellantispv.com.mx',1,'2026-02-28 18:34:56'),(798,42,'538','Peugeot Saltillo','pasastellantissaltillo.com.mx',1,'2026-02-28 18:34:56'),(799,42,'91','Premier Autocountry (Suc. Mochis)','premiermochis.com.mx',1,'2026-02-28 18:34:56'),(800,42,'134','Premier Autocountry Culiacán','www.premierautocountry.com.mx',1,'2026-02-28 18:34:56'),(801,42,'4','Prestigio Motriz','prestigiocampeche.mx',1,'2026-02-28 18:34:56'),(802,42,'549','Prestigio Motriz Tabasco','prestigiotabasco.mx',1,'2026-02-28 18:34:56'),(803,42,'85','Pro Queretaro','www.chryslerpro.com.mx',1,'2026-02-28 18:34:56'),(804,42,'248','Pro San Juan','www.prosanjuan.com.mx',1,'2026-02-28 18:34:56'),(805,42,'83','Puebla Automotriz','www.pueblaautomotriz.com.mx',1,'2026-02-28 18:34:56'),(806,42,'293','Puebla Automotriz los Fuertes','www.pueblaautomotrizlosfuertes.com.mx',1,'2026-02-28 18:34:56'),(807,42,'102','Refran Autos (Suc. Reynosa)','www.refranautosreynosa.com.mx',1,'2026-02-28 18:34:56'),(808,42,'507','Refrán Autos Monterrey','refranautosmonterrey.com.mx',1,'2026-02-28 18:34:56'),(809,42,'245','Refran Autos Nuevo Laredo','refranautoslaredo.com.mx',1,'2026-02-28 18:34:56'),(810,42,'525','Refran San Nicolás','refransannicolas.com.mx',1,'2026-02-28 18:34:56'),(811,42,'228','Reyes Huerta Dorada','reyeshuertadorada.com.mx',1,'2026-02-28 18:34:56'),(812,42,'58','Roca Automotriz Guadalajara','www.rocaautovallarta.com.mx',1,'2026-02-28 18:34:56'),(813,42,'116','Sábalo de Xalapa','www.sabalo-xalapa.com.mx',1,'2026-02-28 18:34:56'),(814,42,'271','Sábalo de Xalapa (Suc. Teziutlán)','chryslerteziutlan.com.mx',1,'2026-02-28 18:34:56'),(815,42,'544','Sábalo de Xalapa S.A. de C.V. Suc Martínez de la Torre','sabalo-martinez.com.mx',1,'2026-02-28 18:34:56'),(816,42,'145','San Luis Río Colorado - Autoproductos','www.autoproductossanluis.com.mx',1,'2026-02-28 18:34:56'),(817,42,'222','Sol de Michoacán','www.soldemichoacan.com',1,'2026-02-28 18:34:56'),(818,42,'240','Sol de Michoacán (Suc. Lázaro Cárdenas)','sucursalsoldemichoacan.com',1,'2026-02-28 18:34:56'),(819,42,'21','Soni Pedregal','www.automotores-soni.com.mx',1,'2026-02-28 18:34:56'),(820,42,'506','Stella de Puebla','www.stellapuebla.mx',1,'2026-02-28 18:34:56'),(821,42,'546','Stella Tlaxcala','www.stellantistlaxcala.com',1,'2026-02-28 18:34:56'),(822,42,'532','Stella Xalapa','stellantisxalapa.com',1,'2026-02-28 18:34:56'),(823,42,'530','Stellantis Culiacán','stellantisculiacan.com',1,'2026-02-28 18:34:56'),(824,42,'529','Stellantis Herrera San Luis','stellantis-herrera.com',1,'2026-02-28 18:34:56'),(825,42,'520','Stellantis Plasencia','stellantisplasencia.com',1,'2026-02-28 18:34:56'),(826,42,'519','Stellantis Santa Anita','stellantissantaanita.com',1,'2026-02-28 18:34:56'),(827,42,'534','Stellantis Santa Fé','eurosurman.com.mx',1,'2026-02-28 18:34:56'),(828,42,'508','Surman Anzures','http://bcdeserticaanzures.com.mx/',1,'2026-02-28 18:34:56'),(829,42,'306','Surman la Villa','http://deserticalavilla.com.mx/',1,'2026-02-28 18:34:56'),(830,42,'123','Tijuana - Autoproductos','www.autoproductostijuana.com.mx',1,'2026-02-28 18:34:56'),(831,42,'94','Torres Automotriz','www.torresautomotriz.com.mx',1,'2026-02-28 18:34:56'),(832,42,'16','Touché Motors','www.touche-motors.com.mx',1,'2026-02-28 18:34:56'),(833,42,'273','VAPSA Río Verde','www.vapsarioverde.com.mx',1,'2026-02-28 18:34:56'),(834,49,'21629','Subaru Américas','www.subaruamericas.com.mx',1,'2026-02-28 19:32:22'),(835,49,'21626','Subaru Barranca del Muerto','www.subarubarranca.com.mx',1,'2026-02-28 19:32:22'),(836,49,'21624','Subaru Celaya','www.subaru-celaya.com.mx',1,'2026-02-28 19:32:22'),(837,49,'21632','Subaru Colima','www.subarucolima.com.mx',1,'2026-02-28 19:32:22'),(838,49,'21645','Subaru Cumbres','subaru-cumbres.com.mx',1,'2026-02-28 19:32:22'),(839,49,'21615','Subaru Chihuahua','www.subaru-chihuahua.com.mx',1,'2026-02-28 19:32:22'),(840,49,'21613','Subaru Gonzalitos','www.subaru-gonzalitos.com.mx',1,'2026-02-28 19:32:22'),(841,49,'21630','Subaru Guadalajara','www.subaruguadalajara.com.mx',1,'2026-02-28 19:32:22'),(842,49,'21621','Subaru Guanajuato','www.subaru-guanajuato.com.mx',1,'2026-02-28 19:32:22'),(843,49,'21625','Subaru Irapuato','www.subaru-irapuato.com.mx',1,'2026-02-28 19:32:22'),(844,49,'21612','Subaru Juárez','www.subarucdjuarez.com.mx',1,'2026-02-28 19:32:22'),(845,49,'21633','Subaru Juriquilla','www.subarujuriquilla.com.mx',1,'2026-02-28 19:32:22'),(846,49,'21637','Subaru La Paz','www.subaru-lapaz.com.mx',1,'2026-02-28 19:32:22'),(847,49,'21605','SUBARU LA PAZ','www.subarulapaz.mx',1,'2026-02-28 19:32:22'),(848,49,'21614','Subaru Las Torres','www.subaru-lastorres.com.mx',1,'2026-02-28 19:32:22'),(849,49,'21623','Subaru León','www.subaru-leon.com.mx',1,'2026-02-28 19:32:22'),(850,49,'21608','SUBARU LOMAS VERDES','subarulomasverdes.com.mx',1,'2026-02-28 19:32:22'),(851,49,'21635','Subaru Lomas Verdes','www.subaru-lomasverdes.com.mx',1,'2026-02-28 19:32:22'),(852,49,'21639','Subaru Los Cabos','www.subaru-loscabos.com.mx',1,'2026-02-28 19:32:22'),(853,49,'21616','Subaru Mérida','www.subaru-merida.com.mx',1,'2026-02-28 19:32:22'),(854,49,'21606','SUBARU METEPEC','subarumetepec.com.mx',1,'2026-02-28 19:32:22'),(855,49,'21638','Subaru Metepec','www.subaru-metepec.com.mx',1,'2026-02-28 19:32:22'),(856,49,'21634','Subaru Mexicali','www.subaru-mexicali.com.mx',1,'2026-02-28 19:32:22'),(857,49,'21609','SUBARU MEXICALI','subarumexicali.com.mx',1,'2026-02-28 19:32:22'),(858,49,'21631','Subaru Oaxaca','www.subaruoaxaca.com.mx',1,'2026-02-28 19:32:22'),(859,49,'21619','Subaru Pachuca','www.subarupachuca.com.mx',1,'2026-02-28 19:32:22'),(860,49,'21644','Subaru Patria','subaru-patria.com.mx',1,'2026-02-28 19:32:22'),(861,49,'21627','Subaru Patriotismo','www.subarupatriotismo.com.mx',1,'2026-02-28 19:32:22'),(862,49,'21641','Subaru Polanco','www.subaru-polanco.com.mx',1,'2026-02-28 19:32:22'),(863,49,'21628','Subaru Puebla','www.subarupuebla.com.mx',1,'2026-02-28 19:32:22'),(864,49,'21622','Subaru Querétaro','www.subaru-queretaro.com.mx',1,'2026-02-28 19:32:22'),(865,49,'21643','Subaru San Miguel de Allende','subaru-sanmiguel.com.mx',1,'2026-02-28 19:32:22'),(866,49,'21617','Subaru Sonora','www.subarusonora.mx',1,'2026-02-28 19:32:22'),(867,49,'21603','SUBARU TIJUANA','www.subarutijuana.mx',1,'2026-02-28 19:32:22'),(868,49,'21636','Subaru Tijuana','www.subaru-tijuana.com.mx',1,'2026-02-28 19:32:22'),(869,49,'21642','Subaru Universidad','www.subaru-universidad.com.mx',1,'2026-02-28 19:32:22'),(870,49,'21620','Subaru Veracruz','www.subaruveracruz.com.mx',1,'2026-02-28 19:32:22'),(871,50,'21702','Autofinanciamiento Conauto','www.conautoford.com.mx',1,'2026-02-28 19:32:34'),(872,50,'21706','GCConautopcion','gcconautopcion.com.mx',1,'2026-02-28 19:32:34'),(873,52,'21910','Camiones Perfectos Pachuca','hinopachuca.mx',1,'2026-02-28 19:32:44'),(874,52,'21904','HINO Corporativo','www.hino.com.mx',1,'2026-02-28 19:32:44'),(875,52,'21906','Hino Culiacán','www.camioneshino.com.mx',1,'2026-02-28 19:32:44'),(876,52,'21902','Hino Chihuahua','hinochihuahua.com',1,'2026-02-28 19:32:44'),(877,52,'21903','Hino Juárez','hinojuarez.com',1,'2026-02-28 19:32:44'),(878,52,'21907','Hino Kyoto','hinostacatarina.com',1,'2026-02-28 19:32:44'),(879,52,'21909','Hino Península Cancún','hinopeninsulacancun.com.mx',1,'2026-02-28 19:32:44'),(880,52,'21908','Hino Península Mérida','hinopeninsula.com.mx',1,'2026-02-28 19:32:44'),(881,52,'21912','Hino Puebla','hinopuebla.mx',1,'2026-02-28 19:32:44'),(882,52,'21913','Hino Querétaro','hinoqueretaro.mx',1,'2026-02-28 19:32:44'),(883,52,'21905','Hino Tijuana','hinopremier.com.mx',1,'2026-02-28 19:32:44'),(884,52,'21911','Hino Veracruz','hinoveracruz.mx',1,'2026-02-28 19:32:44'),(885,54,'23004','Suzuki Motos Coacalco','www.suzukimotoscoacalco.com',1,'2026-02-28 19:32:55'),(886,54,'23002','Suzuki Motos Ensenada','suzukimotosensenada.com',1,'2026-02-28 19:32:55'),(887,54,'23005','Suzuki Motos Montevideo','suzukimotosmontevideo.com',1,'2026-02-28 19:32:55'),(888,54,'23001','Suzuki Motos Tijuana','www.suzukimotostijuana.com',1,'2026-02-28 19:32:55'),(889,54,'23003','Suzuki Motos Tres Rios','suzukimotostresrios.com',1,'2026-02-28 19:32:55'),(890,55,'24002','Multimark','www.multimark.mx',1,'2026-02-28 19:33:06'),(891,60,'30028','Agencia llantera','www.agenciallantera.mx',1,'2026-02-28 19:33:17'),(892,60,'30049','Arizona Cars','www.arizonacars.com.mx',1,'2026-02-28 19:33:17'),(893,60,'30006','Astrollantas','www.astrollantas.com',1,'2026-02-28 19:33:17'),(894,60,'30075','Caborca Automotriz','www.caborcaautomotriz.com.mx',1,'2026-02-28 19:33:17'),(895,60,'30039','Cemallantas','www.cemallantas.com',1,'2026-02-28 19:33:17'),(896,60,'30030','Centro llantero Atlacomulco','www.centrollanteroatlacomulco.com',1,'2026-02-28 19:33:17'),(897,60,'30032','Centro Llantero de Toluca centro8w','www.tienda.centro8w.com',1,'2026-02-28 19:33:17'),(898,60,'30004','Cormag','www.cormagllantas.com',1,'2026-02-28 19:33:17'),(899,60,'30078','Dega Monterrey','www.llantasdega.mx',1,'2026-02-28 19:33:17'),(900,60,'30050','Dega Saltillo','www.degasaltillo.com',1,'2026-02-28 19:33:17'),(901,60,'30061','Dillago Llantas Miguel Alemán','www.dillagollantas.mx',1,'2026-02-28 19:33:17'),(902,60,'30008','DRP Servicios','www.drpservicios.com.mx',1,'2026-02-28 19:33:17'),(903,60,'30069','DYMSA Boulevard Isidro Fabela Sur','www.llanteradymsamexico.com',1,'2026-02-28 19:33:17'),(904,60,'30020','DYNAMATE','www.dynamate.com.mx',1,'2026-02-28 19:33:17'),(905,60,'30005','Eurollantas','www.eurollantas.mx',1,'2026-02-28 19:33:17'),(906,60,'30042','Expollantas','www.expollantas.com.mx',1,'2026-02-28 19:33:17'),(907,60,'30022','Formula Llantas (TIREX)','www.tirexllantas.com',1,'2026-02-28 19:33:17'),(908,60,'30018','Fuster','www.fusterllantas.com',1,'2026-02-28 19:33:17'),(909,60,'30044','Gomez Neumaticos','www.gomezneumaticos.com',1,'2026-02-28 19:33:17'),(910,60,'30007','Grupo Ayala','www.grupoayala.com.mx',1,'2026-02-28 19:33:17'),(911,60,'30026','Grupo Bavi','www.grupobavi.net',1,'2026-02-28 19:33:17'),(912,60,'30058','Llansuser','https://llansuser.shop/',1,'2026-02-28 19:33:17'),(913,60,'30015','Llanta Sur','www.llantasur.mx',1,'2026-02-28 19:33:17'),(914,60,'30034','Llantas Altozano','www.llantasaltozano.com',1,'2026-02-28 19:33:17'),(915,60,'30011','Llantas Campeche','www.llantasdecampeche.com',1,'2026-02-28 19:33:17'),(916,60,'30080','Llantas Coatzintla','www.llantascoatzintla.com',1,'2026-02-28 19:33:17'),(917,60,'30040','Llantas de Coahuila','www.llantasdecoahuila.com',1,'2026-02-28 19:33:17'),(918,60,'30012','Llantas de Lago','www.llantasdelago.com',1,'2026-02-28 19:33:17'),(919,60,'30074','Llantas Manro Matriz','www.llantasmanro.mx',1,'2026-02-28 19:33:17'),(920,60,'30052','Llantas Muralla CDMX','www.llantasmurallamexico.com',1,'2026-02-28 19:33:17'),(921,60,'30031','llantas Vega','www.llantasvega.com.mx',1,'2026-02-28 19:33:17'),(922,60,'30046','Llantas Vega Boulevard','www.llantasvegablvd.com',1,'2026-02-28 19:33:17'),(923,60,'30067','Llantas y Cámaras de la Costa - Ferrocarrilera','www.llantasycamarasdelacosta.com',1,'2026-02-28 19:33:17'),(924,60,'30060','Llantas y Rines del Guadiana Gómez Palacio','www.llantasyrinesdelguadiana.com',1,'2026-02-28 19:33:17'),(925,60,'30064','LLantas y servicios Muralla – Reforma','www.llantasmuralla.com',1,'2026-02-28 19:33:17'),(926,60,'30082','Llantas y Servicios Rodeva','llantasrodeva.com',1,'2026-02-28 19:33:17'),(927,60,'30036','Llantera Alfer','www.llanteraalfer.com',1,'2026-02-28 19:33:17'),(928,60,'30083','Llantera Cavox','www.llanteracavoxmx.com',1,'2026-02-28 19:33:17'),(929,60,'30073','Llantera Costa Esmeralda Matriz','www.llanteracostaesmeralda.com',1,'2026-02-28 19:33:17'),(930,60,'30062','Llantera Chávez Delicias','www.llanterachavez.com',1,'2026-02-28 19:33:17'),(931,60,'30053','Llantera Roig','www.llanteraroig.com',1,'2026-02-28 19:33:17'),(932,60,'30014','Marpa','www.marpallantas.com',1,'2026-02-28 19:33:17'),(933,60,'30035','Master Tires','www.mastertires.mx',1,'2026-02-28 19:33:17'),(934,60,'30009','MERCALLANTAS','www.mercallantas.mx',1,'2026-02-28 19:33:17'),(935,60,'30038','Metallantas','www.metallantas.com',1,'2026-02-28 19:33:17'),(936,60,'30037','Milneumaticos','www.milneumaticos.com',1,'2026-02-28 19:33:17'),(937,60,'30016','Multillantas Nieto','www.multillantasnieto.com',1,'2026-02-28 19:33:17'),(938,60,'30025','Multillantas y servicios Valles','www.carmedics.mx',1,'2026-02-28 19:33:17'),(939,60,'30057','Mundillantas','www.mundillantas.mx',1,'2026-02-28 19:33:17'),(940,60,'30029','Neumaticos de Apizaco','www.neumaticosdeapizaco.com',1,'2026-02-28 19:33:17'),(941,60,'30019','Quality tire','www.qualitytire.com.mx',1,'2026-02-28 19:33:17'),(942,60,'30003','Ramos Servipartes','www.ramosservipartes.com',1,'2026-02-28 19:33:17'),(943,60,'30043','Raykon','www.raykon.com.mx',1,'2026-02-28 19:33:17'),(944,60,'30047','Royal de sinaloa','www.llantasroyaldesinaloa.com.mx',1,'2026-02-28 19:33:17'),(945,60,'30017','Sada Gomez','www.llantassadagomez.com',1,'2026-02-28 19:33:17'),(946,60,'30054','Serval Llantas Calvillo','www.llantascalvillo.com',1,'2026-02-28 19:33:17'),(947,60,'30086','Servillantas altamirano','www.compratusllantas.com.mx',1,'2026-02-28 19:33:17'),(948,60,'30013','Suspensiones Salazar','www.suspensionessalazar.com.mx',1,'2026-02-28 19:33:17'),(949,60,'30002','Tecnicentro Garay','www.llanteragaray.com.mx',1,'2026-02-28 19:33:17'),(950,60,'30071','Tecnillantas Aprosa Matriz','www.aprosallantas.com',1,'2026-02-28 19:33:17'),(951,60,'30023','TECNOLLANTAS DE ACAPULCO','www.tecnollantasacapulco.com.mx',1,'2026-02-28 19:33:17'),(952,60,'30001','TERSA LLANTAS & CAR SERVICE','cotiza.tersallantas.com',1,'2026-02-28 19:33:17'),(953,60,'30070','Tiremax Llantas y Más Matriz','www.tiremax.mx',1,'2026-02-28 19:33:17'),(954,60,'30027','Unillantas de Oaxaca','www.unillantasdeoaxaca.com',1,'2026-02-28 19:33:17'),(955,60,'30089','UNIVERSAL DE LLANTAS CITY TIRE','llantascitytire.com.mx',1,'2026-02-28 19:33:17'),(956,62,'50032','CUPRA Garage Cordoba','cupragarage-cordoba.com.mx',1,'2026-02-28 19:34:20'),(957,62,'50025','CUPRA Garage Celaya','cupragarage-celaya.com.mx',1,'2026-02-28 19:34:20'),(958,62,'50006','CUPRA Garage López Mateos','cupragarage-lopezmateos.com.mx',1,'2026-02-28 19:34:20'),(959,62,'50001','CUPRA Garage Mérida','cupra-merida.com',1,'2026-02-28 19:34:20'),(960,62,'50012','CUPRA Garage','cupragarage.com.mx',1,'2026-02-28 19:34:20'),(961,62,'50022','CUPRA Garage Morelia','cupragarage-morelia.com.mx',1,'2026-02-28 19:34:20'),(962,62,'50013','CUPRA GArage Oaxaca','cupra-oaxaca.com.mx',1,'2026-02-28 19:34:20'),(963,62,'50015','CUPRA Garage Serdan','cupra-serdan.com.mx',1,'2026-02-28 19:34:20'),(964,62,'50023','CUPRA Garage Acapulco','cupragarage-acapulco.com.mx',1,'2026-02-28 19:34:20'),(965,62,'50036','CUPRA Garage Aguascalientes','cupragarage-aguascalientes.com.mx',1,'2026-02-28 19:34:20'),(966,62,'50011','CUPRA Garage Angelópolis','www.cupragarage-angelopolis.com.mx',1,'2026-02-28 19:34:20'),(967,62,'50009','CUPRA Garage Cancún','www.cupragarage-cancun.com.mx',1,'2026-02-28 19:34:20'),(968,62,'50034','CUPRA Garage Coapa','cupragarage-coapa.com.mx',1,'2026-02-28 19:34:20'),(969,62,'50007','CUPRA Garage Cuernavaca','cupragarage-cuernavaca.com.mx',1,'2026-02-28 19:34:20'),(970,62,'50016','CUPRA Garage Culiacán','cupragarage-culiacan.com.mx',1,'2026-02-28 19:34:20'),(971,62,'50020','CUPRA Garage del Valle','cupragarage-delvalle.com.mx',1,'2026-02-28 19:34:20'),(972,62,'50040','CUPRA Garage Ecatepec','cupragarage-ecatepec.com.mx',1,'2026-02-28 19:34:20'),(973,62,'50033','CUPRA Garage Esmeralda','cupragarage-esmeralda.com.mx',1,'2026-02-28 19:34:20'),(974,62,'50031','CUPRA Garage Hidalgo','cupragarage-hidalgo.com.mx',1,'2026-02-28 19:34:20'),(975,62,'50029','CUPRA Garage Interlomas','cupragarage-interlomas.com.mx',1,'2026-02-28 19:34:20'),(976,62,'50041','CUPRA Garage Ixtapaluca','cupragarage-ixtapaluca.com.mx',1,'2026-02-28 19:34:20'),(977,62,'50038','CUPRA Garage La Villa','cupragarage-lavilla.com.mx',1,'2026-02-28 19:34:20'),(978,62,'50004','CUPRA Garage León','cupragarageleon.mx',1,'2026-02-28 19:34:20'),(979,62,'50024','CUPRA Garage Lindavista','cupragarage-lindavista.com.mx',1,'2026-02-28 19:34:20'),(980,62,'50018','CUPRA Garage Lomas','cupragarage-lomas.com.mx',1,'2026-02-28 19:34:20'),(981,62,'50021','CUPRA Garage Lomas Verdes','cupragarage-lomasverdes.mx',1,'2026-02-28 19:34:20'),(982,62,'50035','Cupra Garage Metepec','cupragarage-metepec.com.mx',1,'2026-02-28 19:34:20'),(983,62,'50005','CUPRA Garage Patria','cupragarage-patria.com.mx',1,'2026-02-28 19:34:20'),(984,62,'50027','CUPRA Garage Pedregal','cupragarage-pedregal.com.mx',1,'2026-02-28 19:34:20'),(985,62,'50014','CUPRA Garage Pirineos','cupragarage-pirineos.com.mx',1,'2026-02-28 19:34:20'),(986,62,'50019','CUPRA Garage Puerto Aéreo','cupragarage-puertoaereo.com.mx',1,'2026-02-28 19:34:20'),(987,62,'50039','CUPRA Garage Saltillo','cupragarage-saltillo.com.mx',1,'2026-02-28 19:34:20'),(988,62,'50002','CUPRA Garage San Ángel','cupra-sanangel.com.mx',1,'2026-02-28 19:34:20'),(989,62,'50010','CUPRA Garage San Luis','cupragarage-sanluis.com.mx',1,'2026-02-28 19:34:20'),(990,62,'50008','CUPRA Garage San Pedro','cupragaragesanpedro.com.mx',1,'2026-02-28 19:34:20'),(991,62,'50017','CUPRA Garage Santa Fe','cupragarage-santafe.com.mx',1,'2026-02-28 19:34:20'),(992,62,'50037','CUPRA Garage Tampico','cupragarage-tampico.com.mx',1,'2026-02-28 19:34:20'),(993,62,'50003','CUPRA Garage Tijuana','cupragarage-tijuana.com.mx',1,'2026-02-28 19:34:20'),(994,62,'50026','CUPRA Garage Veracruz','cupragarage-veracruz.com.mx',1,'2026-02-28 19:34:20'),(995,62,'50028','CUPRA Garage Villahermosa','cupragarage-villahermosa.com.mx',1,'2026-02-28 19:34:20'),(996,62,'50030','CUPRA Garage Xalapa','cupragarage-xalapa.com.mx',1,'2026-02-28 19:34:20'),(997,67,'55006','BYD Acapulco','www.bydacapulco.mx',1,'2026-02-28 19:38:21'),(998,67,'55002','BYD Aeropuerto','bydaeropuerto.mx',1,'2026-02-28 19:38:21'),(999,67,'55003','BYD Azcapotzalco','www.bydazcapotzalco.mx',1,'2026-02-28 19:38:21'),(1000,67,'55004','BYD Coacalco','bydcoacalco.com.mx',1,'2026-02-28 19:38:21'),(1001,67,'55019','BYD Del Valle','www.byddelvalle.mx',1,'2026-02-28 19:38:21'),(1002,67,'55018','BYD INSURGENTES','bydinsurgentes.mx',1,'2026-02-28 19:38:21'),(1003,67,'55009','BYD Lomas verdes','bydlomasverdes.com.mx',1,'2026-02-28 19:38:21'),(1004,67,'55005','BYD Tlalnepantla','bydtlalnepantla.com.mx',1,'2026-02-28 19:38:21'),(1005,67,'55010','Grupo Tec Monterrey','bydmonterrey.com',1,'2026-02-28 19:38:21'),(1006,68,'56001','INSIGNIA AUTO','insigniaauto.com.mx',1,'2026-02-28 19:38:32'),(1007,69,'57001','GWM Coacalco','gwmcoacalco.com.mx',1,'2026-02-28 19:38:46'),(1008,69,'57003','GWM Ecatepec','gwmecatepec.com.mx',1,'2026-02-28 19:38:46'),(1009,69,'57004','GWM Tepepan','gwmtepepan.com.mx',1,'2026-02-28 19:38:46'),(1010,71,'59001','DFAC Monterrey','dfacmxa.com',1,'2026-02-28 19:38:57'),(1011,72,'60001','Chevrolet Rivero','chevroletrivero.com',1,'2026-02-28 19:39:08'),(1012,72,'60002','Nissan Rivero','nissanrivero.com',1,'2026-02-28 19:39:08'),(1013,100,'100003','App Familias 2040','appfamilias2040.mx',1,'2026-02-28 19:40:11'),(1014,100,'100004','DCNET Digital','dcnetdigitial.mx',1,'2026-02-28 19:40:11');
/*!40000 ALTER TABLE `distribuidoras` ENABLE KEYS */;
UNLOCK TABLES;

--
-- Table structure for table `ips_autorizadas`
--

DROP TABLE IF EXISTS `ips_autorizadas`;
/*!40101 SET @saved_cs_client     = @@character_set_client */;
/*!50503 SET character_set_client = utf8mb4 */;
CREATE TABLE `ips_autorizadas` (
  `id` int NOT NULL AUTO_INCREMENT,
  `marca` varchar(100) CHARACTER SET utf8mb4 COLLATE utf8mb4_general_ci NOT NULL,
  `ip` varchar(45) CHARACTER SET utf8mb4 COLLATE utf8mb4_general_ci NOT NULL,
  PRIMARY KEY (`id`),
  UNIQUE KEY `marca` (`marca`)
) ENGINE=InnoDB AUTO_INCREMENT=3 DEFAULT CHARSET=utf8mb4 COLLATE=utf8mb4_general_ci;
/*!40101 SET character_set_client = @saved_cs_client */;

--
-- Dumping data for table `ips_autorizadas`
--

LOCK TABLES `ips_autorizadas` WRITE;
/*!40000 ALTER TABLE `ips_autorizadas` DISABLE KEYS */;
INSERT INTO `ips_autorizadas` VALUES (1,'seat','35.193.11.124'),(2,'ford','35.193.59.77');
/*!40000 ALTER TABLE `ips_autorizadas` ENABLE KEYS */;
UNLOCK TABLES;

--
-- Table structure for table `logs_scraping`
--

DROP TABLE IF EXISTS `logs_scraping`;
/*!40101 SET @saved_cs_client     = @@character_set_client */;
/*!50503 SET character_set_client = utf8mb4 */;
CREATE TABLE `logs_scraping` (
  `id` bigint unsigned NOT NULL AUTO_INCREMENT,
  `marca_id` int NOT NULL,
  `tipo` varchar(50) COLLATE utf8mb4_general_ci NOT NULL,
  `mensaje` text COLLATE utf8mb4_general_ci,
  `intento` int NOT NULL,
  `exitoso` tinyint(1) NOT NULL,
  `fecha` timestamp NULL DEFAULT CURRENT_TIMESTAMP,
  PRIMARY KEY (`id`),
  UNIQUE KEY `id` (`id`),
  KEY `marca_id` (`marca_id`),
  CONSTRAINT `logs_scraping_ibfk_1` FOREIGN KEY (`marca_id`) REFERENCES `marcas` (`id`)
) ENGINE=InnoDB AUTO_INCREMENT=141 DEFAULT CHARSET=utf8mb4 COLLATE=utf8mb4_general_ci;
/*!40101 SET character_set_client = @saved_cs_client */;

--
-- Dumping data for table `logs_scraping`
--

LOCK TABLES `logs_scraping` WRITE;
/*!40000 ALTER TABLE `logs_scraping` DISABLE KEYS */;
INSERT INTO `logs_scraping` VALUES (1,1,'distribuidoras','Scraping exitoso',1,1,'2026-03-01 00:12:18'),(2,2,'distribuidoras','⚠️ El archivo JSON para Mitsubishi está vacío o mal formado.',1,0,'2026-03-01 00:12:22'),(3,1,'distribuidoras','Scraping incompleto: se obtuvieron 1 de 5 distribuidoras',1,0,'2026-03-01 00:15:10'),(4,1,'distribuidoras','Scraping exitoso',2,1,'2026-03-01 00:15:26'),(5,2,'distribuidoras','⚠️ El archivo JSON para Mitsubishi está vacío o mal formado.',1,0,'2026-03-01 00:15:31'),(6,2,'distribuidoras','⚠️ El archivo JSON para Mitsubishi está vacío o mal formado.',2,0,'2026-03-01 00:15:46'),(7,2,'distribuidoras','⚠️ El archivo JSON para Mitsubishi está vacío o mal formado.',3,0,'2026-03-01 00:16:02'),(8,3,'distribuidoras','Scraping exitoso',1,1,'2026-03-01 00:16:08'),(9,4,'distribuidoras','Waiting for selector `#ContentPlaceHolder1_gvDatos` failed',1,0,'2026-03-01 00:17:13'),(10,1,'distribuidoras','Scraping exitoso',1,1,'2026-03-01 00:19:14'),(11,2,'distribuidoras','⚠️ El archivo JSON para Mitsubishi está vacío o mal formado.',1,0,'2026-03-01 00:19:23'),(12,2,'distribuidoras','⚠️ El archivo JSON para Mitsubishi está vacío o mal formado.',2,0,'2026-03-01 00:19:43'),(13,2,'distribuidoras','⚠️ El archivo JSON para Mitsubishi está vacío o mal formado.',3,0,'2026-03-01 00:20:03'),(14,3,'distribuidoras','Scraping exitoso',1,1,'2026-03-01 00:20:12'),(15,4,'distribuidoras','Waiting for selector `#ContentPlaceHolder1_gvDatos` failed',1,0,'2026-03-01 00:21:23'),(16,4,'distribuidoras','Waiting for selector `#ContentPlaceHolder1_gvDatos` failed',2,0,'2026-03-01 00:22:43'),(17,4,'distribuidoras','Waiting for selector `#ContentPlaceHolder1_gvDatos` failed',3,0,'2026-03-01 00:24:04'),(18,5,'distribuidoras','Scraping exitoso',1,1,'2026-03-01 00:24:15'),(19,6,'distribuidoras','Scraping exitoso',1,1,'2026-03-01 00:24:24'),(20,7,'distribuidoras','Waiting for selector `#ContentPlaceHolder1_gvDatos` failed',1,0,'2026-03-01 00:25:34'),(21,7,'distribuidoras','Waiting for selector `#ContentPlaceHolder1_gvDatos` failed',2,0,'2026-03-01 00:26:54'),(22,7,'distribuidoras','Waiting for selector `#ContentPlaceHolder1_gvDatos` failed',3,0,'2026-03-01 00:28:15'),(23,8,'distribuidoras','⚠️ El archivo JSON para Chevrolet está vacío o mal formado.',1,0,'2026-03-01 00:28:25'),(24,8,'distribuidoras','⚠️ El archivo JSON para Chevrolet está vacío o mal formado.',2,0,'2026-03-01 00:28:45'),(25,8,'distribuidoras','⚠️ El archivo JSON para Chevrolet está vacío o mal formado.',3,0,'2026-03-01 00:29:05'),(26,10,'distribuidoras','Scraping exitoso',1,1,'2026-03-01 00:29:15'),(27,11,'distribuidoras','Scraping exitoso',1,1,'2026-03-01 00:29:24'),(28,12,'distribuidoras','Scraping exitoso',1,1,'2026-03-01 00:29:34'),(29,13,'distribuidoras','Scraping exitoso',1,1,'2026-03-01 00:29:44'),(30,14,'distribuidoras','Scraping exitoso',1,1,'2026-03-01 00:29:55'),(31,15,'distribuidoras','Scraping exitoso',1,1,'2026-03-01 00:30:04'),(32,22,'distribuidoras','Scraping exitoso',1,1,'2026-03-01 00:30:15'),(33,24,'distribuidoras','Waiting for selector `#ContentPlaceHolder1_gvDatos` failed',1,0,'2026-03-01 00:31:25'),(34,24,'distribuidoras','Waiting for selector `#ContentPlaceHolder1_gvDatos` failed',2,0,'2026-03-01 00:32:46'),(35,24,'distribuidoras','Waiting for selector `#ContentPlaceHolder1_gvDatos` failed',3,0,'2026-03-01 00:34:05'),(36,29,'distribuidoras','Scraping exitoso',1,1,'2026-03-01 00:34:16'),(37,33,'distribuidoras','Scraping exitoso',1,1,'2026-03-01 00:34:25'),(38,34,'distribuidoras','Scraping exitoso',1,1,'2026-03-01 00:34:36'),(39,39,'distribuidoras','Scraping exitoso',1,1,'2026-03-01 00:34:46'),(40,42,'distribuidoras','Scraping exitoso',1,1,'2026-03-01 00:34:56'),(41,43,'distribuidoras','⚠️ El archivo JSON para BUICK está vacío o mal formado.',1,0,'2026-03-01 00:35:06'),(42,43,'distribuidoras','⚠️ El archivo JSON para BUICK está vacío o mal formado.',2,0,'2026-03-01 00:35:26'),(43,43,'distribuidoras','⚠️ El archivo JSON para BUICK está vacío o mal formado.',3,0,'2026-03-01 00:35:46'),(44,44,'distribuidoras','⚠️ El archivo JSON para GMC está vacío o mal formado.',1,0,'2026-03-01 00:35:56'),(45,44,'distribuidoras','⚠️ El archivo JSON para GMC está vacío o mal formado.',2,0,'2026-03-01 00:36:15'),(46,44,'distribuidoras','⚠️ El archivo JSON para GMC está vacío o mal formado.',3,0,'2026-03-01 00:36:36'),(47,46,'distribuidoras','⚠️ El archivo JSON para JAC está vacío o mal formado.',1,0,'2026-03-01 00:36:46'),(48,46,'distribuidoras','⚠️ El archivo JSON para JAC está vacío o mal formado.',2,0,'2026-03-01 00:37:06'),(49,46,'distribuidoras','⚠️ El archivo JSON para JAC está vacío o mal formado.',3,0,'2026-03-01 00:37:27'),(50,49,'distribuidoras','Scraping exitoso',1,1,'2026-03-01 00:37:37'),(51,50,'distribuidoras','Scraping exitoso',1,1,'2026-03-01 00:37:47'),(52,52,'distribuidoras','Scraping exitoso',1,1,'2026-03-01 00:37:57'),(53,54,'distribuidoras','Scraping exitoso',1,1,'2026-03-01 00:38:07'),(54,55,'distribuidoras','Scraping exitoso',1,1,'2026-03-01 00:38:18'),(55,60,'distribuidoras','Scraping exitoso',1,1,'2026-03-01 00:38:28'),(56,61,'distribuidoras','⚠️ El archivo JSON para MG está vacío o mal formado.',1,0,'2026-03-01 00:38:38'),(57,61,'distribuidoras','⚠️ El archivo JSON para MG está vacío o mal formado.',2,0,'2026-03-01 00:39:01'),(58,61,'distribuidoras','⚠️ El archivo JSON para MG está vacío o mal formado.',3,0,'2026-03-01 00:39:21'),(59,62,'distribuidoras','Scraping exitoso',1,1,'2026-03-01 00:39:32'),(60,66,'distribuidoras','Waiting for selector `#ContentPlaceHolder1_gvDatos` failed',1,0,'2026-03-01 00:40:42'),(61,66,'distribuidoras','Waiting for selector `#ContentPlaceHolder1_gvDatos` failed',2,0,'2026-03-01 00:42:01'),(62,66,'distribuidoras','Waiting for selector `#ContentPlaceHolder1_gvDatos` failed',3,0,'2026-03-01 00:43:22'),(63,67,'distribuidoras','Scraping exitoso',1,1,'2026-03-01 00:43:31'),(64,68,'distribuidoras','Scraping exitoso',1,1,'2026-03-01 00:43:40'),(65,69,'distribuidoras','Scraping exitoso',1,1,'2026-03-01 00:43:50'),(66,71,'distribuidoras','Scraping exitoso',1,1,'2026-03-01 00:43:59'),(67,72,'distribuidoras','Scraping exitoso',1,1,'2026-03-01 00:44:08'),(68,73,'distribuidoras','⚠️ El archivo JSON para Entregas Express está vacío o mal formado.',1,0,'2026-03-01 00:44:18'),(69,73,'distribuidoras','⚠️ El archivo JSON para Entregas Express está vacío o mal formado.',2,0,'2026-03-01 00:44:37'),(70,73,'distribuidoras','⚠️ El archivo JSON para Entregas Express está vacío o mal formado.',3,0,'2026-03-01 00:44:57'),(71,100,'distribuidoras','Scraping exitoso',1,1,'2026-03-01 00:45:07'),(72,1,'distribuidoras','Scraping incompleto: se obtuvieron 56 de 156 distribuidoras',1,0,'2026-03-01 01:11:13'),(73,1,'distribuidoras','Scraping incompleto: se obtuvieron 41 de 156 distribuidoras',2,0,'2026-03-01 01:11:34'),(74,1,'distribuidoras','Scraping incompleto: se obtuvieron 1 de 156 distribuidoras',3,0,'2026-03-01 01:11:57'),(75,2,'distribuidoras','⚠️ El archivo JSON para Mitsubishi está vacío o mal formado.',1,0,'2026-03-01 01:12:07'),(76,2,'distribuidoras','⚠️ El archivo JSON para Mitsubishi está vacío o mal formado.',2,0,'2026-03-01 01:12:30'),(77,2,'distribuidoras','⚠️ El archivo JSON para Mitsubishi está vacío o mal formado.',3,0,'2026-03-01 01:12:51'),(78,3,'distribuidoras','Scraping exitoso',1,1,'2026-03-01 01:13:01'),(79,4,'distribuidoras','Waiting for selector `#ContentPlaceHolder1_gvDatos` failed',1,0,'2026-03-01 01:14:11'),(80,4,'distribuidoras','Waiting for selector `#ContentPlaceHolder1_gvDatos` failed',2,0,'2026-03-01 01:15:31'),(81,4,'distribuidoras','Waiting for selector `#ContentPlaceHolder1_gvDatos` failed',3,0,'2026-03-01 01:16:52'),(82,5,'distribuidoras','Scraping incompleto: se obtuvieron 11 de 170 distribuidoras',1,0,'2026-03-01 01:17:03'),(83,5,'distribuidoras','⚠️ El archivo JSON para Volkswagen está vacío o mal formado.',2,0,'2026-03-01 01:17:26'),(84,5,'distribuidoras','⚠️ El archivo JSON para Volkswagen está vacío o mal formado.',3,0,'2026-03-01 01:17:46'),(85,6,'distribuidoras','Scraping exitoso',1,1,'2026-03-01 01:17:57'),(86,7,'distribuidoras','Waiting for selector `#ContentPlaceHolder1_gvDatos` failed',1,0,'2026-03-01 01:19:08'),(87,7,'distribuidoras','Waiting for selector `#ContentPlaceHolder1_gvDatos` failed',2,0,'2026-03-01 01:20:28'),(88,7,'distribuidoras','Waiting for selector `#ContentPlaceHolder1_gvDatos` failed',3,0,'2026-03-01 01:21:48'),(89,8,'distribuidoras','⚠️ El archivo JSON para Chevrolet está vacío o mal formado.',1,0,'2026-03-01 01:21:59'),(90,8,'distribuidoras','⚠️ El archivo JSON para Chevrolet está vacío o mal formado.',2,0,'2026-03-01 01:22:19'),(91,8,'distribuidoras','⚠️ El archivo JSON para Chevrolet está vacío o mal formado.',3,0,'2026-03-01 01:22:40'),(92,10,'distribuidoras','Scraping exitoso',1,1,'2026-03-01 01:22:50'),(93,11,'distribuidoras','Scraping exitoso',1,1,'2026-03-01 01:23:00'),(94,12,'distribuidoras','Scraping incompleto: se obtuvieron 4 de 44 distribuidoras',1,0,'2026-03-01 01:23:11'),(95,12,'distribuidoras','Scraping exitoso',2,1,'2026-03-01 01:23:31'),(96,13,'distribuidoras','Scraping exitoso',1,1,'2026-03-01 01:23:42'),(97,14,'distribuidoras','Scraping exitoso',1,1,'2026-03-01 01:23:51'),(98,15,'distribuidoras','Scraping exitoso',1,1,'2026-03-01 01:24:01'),(99,22,'distribuidoras','Scraping exitoso',1,1,'2026-03-01 01:24:11'),(100,24,'distribuidoras','Waiting for selector `#ContentPlaceHolder1_gvDatos` failed',1,0,'2026-03-01 01:25:22'),(101,24,'distribuidoras','Waiting for selector `#ContentPlaceHolder1_gvDatos` failed',2,0,'2026-03-01 01:26:43'),(102,24,'distribuidoras','Waiting for selector `#ContentPlaceHolder1_gvDatos` failed',3,0,'2026-03-01 01:28:04'),(103,29,'distribuidoras','Scraping exitoso',1,1,'2026-03-01 01:28:14'),(104,33,'distribuidoras','Scraping exitoso',1,1,'2026-03-01 01:28:25'),(105,34,'distribuidoras','Scraping exitoso',1,1,'2026-03-01 01:28:36'),(106,39,'distribuidoras','Scraping exitoso',1,1,'2026-03-01 01:28:46'),(107,42,'distribuidoras','Scraping incompleto: se obtuvieron 1 de 156 distribuidoras',1,0,'2026-03-01 01:28:57'),(108,42,'distribuidoras','Scraping incompleto: se obtuvieron 10 de 156 distribuidoras',2,0,'2026-03-01 01:29:18'),(109,42,'distribuidoras','Scraping incompleto: se obtuvieron 18 de 156 distribuidoras',3,0,'2026-03-01 01:29:38'),(110,43,'distribuidoras','⚠️ El archivo JSON para BUICK está vacío o mal formado.',1,0,'2026-03-01 01:29:49'),(111,43,'distribuidoras','⚠️ El archivo JSON para BUICK está vacío o mal formado.',2,0,'2026-03-01 01:30:08'),(112,43,'distribuidoras','⚠️ El archivo JSON para BUICK está vacío o mal formado.',3,0,'2026-03-01 01:30:28'),(113,44,'distribuidoras','⚠️ El archivo JSON para GMC está vacío o mal formado.',1,0,'2026-03-01 01:30:39'),(114,44,'distribuidoras','⚠️ El archivo JSON para GMC está vacío o mal formado.',2,0,'2026-03-01 01:30:59'),(115,44,'distribuidoras','⚠️ El archivo JSON para GMC está vacío o mal formado.',3,0,'2026-03-01 01:31:20'),(116,46,'distribuidoras','⚠️ El archivo JSON para JAC está vacío o mal formado.',1,0,'2026-03-01 01:31:30'),(117,46,'distribuidoras','⚠️ El archivo JSON para JAC está vacío o mal formado.',2,0,'2026-03-01 01:31:50'),(118,46,'distribuidoras','⚠️ El archivo JSON para JAC está vacío o mal formado.',3,0,'2026-03-01 01:32:11'),(119,49,'distribuidoras','Scraping exitoso',1,1,'2026-03-01 01:32:22'),(120,50,'distribuidoras','Scraping exitoso',1,1,'2026-03-01 01:32:34'),(121,52,'distribuidoras','Scraping exitoso',1,1,'2026-03-01 01:32:44'),(122,54,'distribuidoras','Scraping exitoso',1,1,'2026-03-01 01:32:55'),(123,55,'distribuidoras','Scraping exitoso',1,1,'2026-03-01 01:33:06'),(124,60,'distribuidoras','Scraping exitoso',1,1,'2026-03-01 01:33:17'),(125,61,'distribuidoras','⚠️ El archivo JSON para MG está vacío o mal formado.',1,0,'2026-03-01 01:33:27'),(126,61,'distribuidoras','⚠️ El archivo JSON para MG está vacío o mal formado.',2,0,'2026-03-01 01:33:49'),(127,61,'distribuidoras','⚠️ El archivo JSON para MG está vacío o mal formado.',3,0,'2026-03-01 01:34:09'),(128,62,'distribuidoras','Scraping exitoso',1,1,'2026-03-01 01:34:20'),(129,66,'distribuidoras','Waiting for selector `#ContentPlaceHolder1_gvDatos` failed',1,0,'2026-03-01 01:35:31'),(130,66,'distribuidoras','Waiting for selector `#ContentPlaceHolder1_gvDatos` failed',2,0,'2026-03-01 01:36:50'),(131,66,'distribuidoras','Waiting for selector `#ContentPlaceHolder1_gvDatos` failed',3,0,'2026-03-01 01:38:11'),(132,67,'distribuidoras','Scraping exitoso',1,1,'2026-03-01 01:38:21'),(133,68,'distribuidoras','Scraping exitoso',1,1,'2026-03-01 01:38:32'),(134,69,'distribuidoras','Scraping exitoso',1,1,'2026-03-01 01:38:46'),(135,71,'distribuidoras','Scraping exitoso',1,1,'2026-03-01 01:38:57'),(136,72,'distribuidoras','Scraping exitoso',1,1,'2026-03-01 01:39:08'),(137,73,'distribuidoras','⚠️ El archivo JSON para Entregas Express está vacío o mal formado.',1,0,'2026-03-01 01:39:18'),(138,73,'distribuidoras','⚠️ El archivo JSON para Entregas Express está vacío o mal formado.',2,0,'2026-03-01 01:39:40'),(139,73,'distribuidoras','⚠️ El archivo JSON para Entregas Express está vacío o mal formado.',3,0,'2026-03-01 01:40:00'),(140,100,'distribuidoras','Scraping exitoso',1,1,'2026-03-01 01:40:11');
/*!40000 ALTER TABLE `logs_scraping` ENABLE KEYS */;
UNLOCK TABLES;

--
-- Table structure for table `marcas`
--

DROP TABLE IF EXISTS `marcas`;
/*!40101 SET @saved_cs_client     = @@character_set_client */;
/*!50503 SET character_set_client = utf8mb4 */;
CREATE TABLE `marcas` (
  `id` int NOT NULL,
  `nombre` varchar(255) COLLATE utf8mb4_general_ci NOT NULL,
  `activa` tinyint(1) DEFAULT '1',
  `ultima_actualizacion` datetime DEFAULT NULL,
  PRIMARY KEY (`id`)
) ENGINE=InnoDB DEFAULT CHARSET=utf8mb4 COLLATE=utf8mb4_general_ci;
/*!40101 SET character_set_client = @saved_cs_client */;

--
-- Dumping data for table `marcas`
--

LOCK TABLES `marcas` WRITE;
/*!40000 ALTER TABLE `marcas` DISABLE KEYS */;
INSERT INTO `marcas` VALUES (1,'Chrysler',1,'2026-02-28 19:11:04'),(2,'Mitsubishi',1,'2026-02-28 19:11:04'),(3,'Toyota',1,'2026-02-28 19:13:01'),(4,'Fiat',1,'2026-02-28 19:11:04'),(5,'Volkswagen',1,'2026-02-28 19:11:04'),(6,'Mercedes-Benz',1,'2026-02-28 19:17:57'),(7,'Nissan',1,'2026-02-28 19:11:04'),(8,'Chevrolet',1,'2026-02-28 19:11:04'),(10,'Suzuki',1,'2026-02-28 19:22:50'),(11,'Exa',1,'2026-02-28 19:23:00'),(12,'Honda',1,'2026-02-28 19:23:31'),(13,'Lincoln',1,'2026-02-28 19:23:42'),(14,'Seat',1,'2026-02-28 19:23:51'),(15,'Ford',1,'2026-02-28 19:24:01'),(22,'Mercedes-Benz Vans',1,'2026-02-28 19:24:11'),(24,'Mercedes-Benz Trucks',1,'2026-02-28 19:11:04'),(29,'Alfa Romeo',1,'2026-02-28 19:28:14'),(33,'Hyundai',1,'2026-02-28 19:28:25'),(34,'Acura',1,'2026-02-28 19:28:36'),(39,'KIA',1,'2026-02-28 19:28:46'),(42,'FCA',1,'2026-02-28 19:11:04'),(43,'BUICK',1,'2026-02-28 19:11:04'),(44,'GMC',1,'2026-02-28 19:11:04'),(46,'JAC',1,'2026-02-28 19:11:04'),(49,'Subaru',1,'2026-02-28 19:32:22'),(50,'Distribuidores',1,'2026-02-28 19:32:34'),(52,'Hino',1,'2026-02-28 19:32:44'),(54,'Suzuki Motos',1,'2026-02-28 19:32:55'),(55,'Multimark',1,'2026-02-28 19:33:06'),(60,'Go4Tires',1,'2026-02-28 19:33:17'),(61,'MG',1,'2026-02-28 19:11:04'),(62,'Cupra',1,'2026-02-28 19:34:20'),(66,'Infiniti',1,'2026-02-28 19:11:04'),(67,'BYD',1,'2026-02-28 19:38:21'),(68,'Unicars',1,'2026-02-28 19:38:32'),(69,'GWM',1,'2026-02-28 19:38:46'),(71,'Dongfeng',1,'2026-02-28 19:38:57'),(72,'Grupo Rivero',1,'2026-02-28 19:39:08'),(73,'Entregas Express',1,'2026-02-28 19:11:04'),(100,'XS',1,'2026-02-28 19:40:11');
/*!40000 ALTER TABLE `marcas` ENABLE KEYS */;
UNLOCK TABLES;

--
-- Table structure for table `registros`
--

DROP TABLE IF EXISTS `registros`;
/*!40101 SET @saved_cs_client     = @@character_set_client */;
/*!50503 SET character_set_client = utf8mb4 */;
CREATE TABLE `registros` (
  `id` int NOT NULL AUTO_INCREMENT,
  `usuario_id` int DEFAULT NULL,
  `marca` varchar(100) COLLATE utf8mb4_general_ci DEFAULT NULL,
  `distribuidora` varchar(255) COLLATE utf8mb4_general_ci DEFAULT NULL,
  `action` varchar(100) COLLATE utf8mb4_general_ci DEFAULT NULL,
  `payload` json DEFAULT NULL,
  `created_at` timestamp NULL DEFAULT CURRENT_TIMESTAMP,
  PRIMARY KEY (`id`),
  KEY `usuario_id` (`usuario_id`),
  CONSTRAINT `registros_ibfk_1` FOREIGN KEY (`usuario_id`) REFERENCES `usuarios` (`id`)
) ENGINE=InnoDB AUTO_INCREMENT=968 DEFAULT CHARSET=utf8mb4 COLLATE=utf8mb4_general_ci;
/*!40101 SET character_set_client = @saved_cs_client */;

--
-- Dumping data for table `registros`
--

LOCK TABLES `registros` WRITE;
/*!40000 ALTER TABLE `registros` DISABLE KEYS */;
INSERT INTO `registros` VALUES (1,9,NULL,NULL,'login','{\"email\": \"correo@exagono.net\"}','2026-01-11 06:55:56'),(2,9,NULL,NULL,'acceso_ruta_protegida','{\"ruta\": \"/api/marcas\", \"metodo\": \"GET\"}','2026-01-11 06:55:56'),(3,9,NULL,NULL,'acceso_ruta_protegida','{\"ruta\": \"/api/marcas\", \"metodo\": \"GET\"}','2026-01-11 06:55:56'),(4,9,NULL,NULL,'acceso_ruta_protegida','{\"ruta\": \"/api/reporte/mis-reportes\", \"metodo\": \"GET\"}','2026-01-11 06:56:12'),(5,9,NULL,NULL,'acceso_ruta_protegida','{\"ruta\": \"/api/reporte/mis-reportes\", \"metodo\": \"GET\"}','2026-01-11 06:56:12'),(6,9,NULL,NULL,'acceso_ruta_protegida','{\"ruta\": \"/api/marcas\", \"metodo\": \"GET\"}','2026-01-11 06:56:25'),(7,9,NULL,NULL,'acceso_ruta_protegida','{\"ruta\": \"/api/marcas\", \"metodo\": \"GET\"}','2026-01-11 06:56:25'),(8,9,NULL,NULL,'acceso_ruta_protegida','{\"ruta\": \"/api/distribuidoras?marca=Seat\", \"metodo\": \"GET\"}','2026-01-11 06:56:41'),(9,9,NULL,NULL,'login','{\"email\": \"correo@exagono.net\"}','2026-01-11 06:57:04'),(10,9,NULL,NULL,'acceso_ruta_protegida','{\"ruta\": \"/api/marcas\", \"metodo\": \"GET\"}','2026-01-11 06:57:04'),(11,9,NULL,NULL,'acceso_ruta_protegida','{\"ruta\": \"/api/marcas\", \"metodo\": \"GET\"}','2026-01-11 06:57:04'),(12,9,NULL,NULL,'acceso_ruta_protegida','{\"ruta\": \"/api/distribuidoras?marca=Seat\", \"metodo\": \"GET\"}','2026-01-11 06:57:09'),(13,9,NULL,NULL,'acceso_ruta_protegida','{\"ruta\": \"/api/reporte\", \"metodo\": \"POST\"}','2026-01-11 06:57:30'),(14,3,NULL,NULL,'login','{\"email\": \"nuevo1@correo.com\"}','2026-01-16 20:53:34'),(15,3,NULL,NULL,'acceso_ruta_protegida','{\"ruta\": \"/api/marcas\", \"metodo\": \"GET\"}','2026-01-16 20:53:34'),(16,3,NULL,NULL,'acceso_ruta_protegida','{\"ruta\": \"/api/marcas\", \"metodo\": \"GET\"}','2026-01-16 20:53:34'),(17,3,NULL,NULL,'acceso_ruta_protegida','{\"ruta\": \"/api/distribuidoras?marca=Seat\", \"metodo\": \"GET\"}','2026-01-16 20:53:44'),(18,3,NULL,NULL,'acceso_ruta_protegida','{\"ruta\": \"/api/reporte/mis-reportes\", \"metodo\": \"GET\"}','2026-01-16 20:54:07'),(19,3,NULL,NULL,'acceso_ruta_protegida','{\"ruta\": \"/api/reporte/mis-reportes\", \"metodo\": \"GET\"}','2026-01-16 20:54:07'),(20,3,NULL,NULL,'acceso_ruta_protegida','{\"ruta\": \"/api/marcas\", \"metodo\": \"GET\"}','2026-01-16 20:54:09'),(21,3,NULL,NULL,'acceso_ruta_protegida','{\"ruta\": \"/api/marcas\", \"metodo\": \"GET\"}','2026-01-16 20:54:09'),(22,3,NULL,NULL,'login','{\"email\": \"nuevo1@correo.com\"}','2026-01-16 20:54:35'),(23,3,NULL,NULL,'acceso_ruta_protegida','{\"ruta\": \"/api/marcas\", \"metodo\": \"GET\"}','2026-01-16 20:54:35'),(24,3,NULL,NULL,'acceso_ruta_protegida','{\"ruta\": \"/api/marcas\", \"metodo\": \"GET\"}','2026-01-16 20:54:35'),(25,3,NULL,NULL,'acceso_ruta_protegida','{\"ruta\": \"/api/reporte/mis-reportes\", \"metodo\": \"GET\"}','2026-01-16 20:54:39'),(26,3,NULL,NULL,'acceso_ruta_protegida','{\"ruta\": \"/api/reporte/mis-reportes\", \"metodo\": \"GET\"}','2026-01-16 20:54:39'),(27,3,NULL,NULL,'acceso_ruta_protegida','{\"ruta\": \"/api/marcas\", \"metodo\": \"GET\"}','2026-01-16 20:54:44'),(28,3,NULL,NULL,'acceso_ruta_protegida','{\"ruta\": \"/api/marcas\", \"metodo\": \"GET\"}','2026-01-16 20:54:44'),(29,3,NULL,NULL,'acceso_ruta_protegida','{\"ruta\": \"/api/distribuidoras?marca=Seat\", \"metodo\": \"GET\"}','2026-01-16 20:54:50'),(30,3,NULL,NULL,'acceso_ruta_protegida','{\"ruta\": \"/api/distribuidoras?marca=Seat\", \"metodo\": \"GET\"}','2026-01-16 20:55:25'),(31,3,NULL,NULL,'acceso_ruta_protegida','{\"ruta\": \"/api/reporte/mis-reportes\", \"metodo\": \"GET\"}','2026-01-16 20:55:31'),(32,3,NULL,NULL,'acceso_ruta_protegida','{\"ruta\": \"/api/reporte/mis-reportes\", \"metodo\": \"GET\"}','2026-01-16 20:55:31'),(33,3,NULL,NULL,'login','{\"email\": \"nuevo1@correo.com\"}','2026-01-16 21:01:05'),(34,3,NULL,NULL,'acceso_ruta_protegida','{\"ruta\": \"/api/marcas\", \"metodo\": \"GET\"}','2026-01-16 21:01:05'),(35,3,NULL,NULL,'acceso_ruta_protegida','{\"ruta\": \"/api/marcas\", \"metodo\": \"GET\"}','2026-01-16 21:01:05'),(36,3,NULL,NULL,'acceso_ruta_protegida','{\"ruta\": \"/api/reporte/mis-reportes\", \"metodo\": \"GET\"}','2026-01-16 21:01:08'),(37,3,NULL,NULL,'ver_mis_reportes','{\"reportes\": []}','2026-01-16 21:01:08'),(38,3,NULL,NULL,'acceso_ruta_protegida','{\"ruta\": \"/api/reporte/mis-reportes\", \"metodo\": \"GET\"}','2026-01-16 21:01:08'),(39,3,NULL,NULL,'ver_mis_reportes','{\"reportes\": []}','2026-01-16 21:01:08'),(40,3,NULL,NULL,'acceso_ruta_protegida','{\"ruta\": \"/api/marcas\", \"metodo\": \"GET\"}','2026-01-16 21:01:13'),(41,3,NULL,NULL,'acceso_ruta_protegida','{\"ruta\": \"/api/marcas\", \"metodo\": \"GET\"}','2026-01-16 21:01:13'),(42,3,NULL,NULL,'login','{\"email\": \"nuevo1@correo.com\"}','2026-01-16 21:01:21'),(43,3,NULL,NULL,'acceso_ruta_protegida','{\"ruta\": \"/api/marcas\", \"metodo\": \"GET\"}','2026-01-16 21:01:21'),(44,3,NULL,NULL,'acceso_ruta_protegida','{\"ruta\": \"/api/marcas\", \"metodo\": \"GET\"}','2026-01-16 21:01:21'),(45,3,NULL,NULL,'acceso_ruta_protegida','{\"ruta\": \"/api/distribuidoras?marca=Seat\", \"metodo\": \"GET\"}','2026-01-16 21:01:27'),(46,3,NULL,NULL,'acceso_ruta_protegida','{\"ruta\": \"/api/reporte/mis-reportes\", \"metodo\": \"GET\"}','2026-01-16 21:01:40'),(47,3,NULL,NULL,'ver_mis_reportes','{\"reportes\": []}','2026-01-16 21:01:40'),(48,3,NULL,NULL,'acceso_ruta_protegida','{\"ruta\": \"/api/reporte/mis-reportes\", \"metodo\": \"GET\"}','2026-01-16 21:01:40'),(49,3,NULL,NULL,'ver_mis_reportes','{\"reportes\": []}','2026-01-16 21:01:40'),(50,3,NULL,NULL,'acceso_ruta_protegida','{\"ruta\": \"/api/marcas\", \"metodo\": \"GET\"}','2026-01-16 21:01:53'),(51,3,NULL,NULL,'acceso_ruta_protegida','{\"ruta\": \"/api/marcas\", \"metodo\": \"GET\"}','2026-01-16 21:01:53'),(52,3,NULL,NULL,'acceso_ruta_protegida','{\"ruta\": \"/api/reporte/mis-reportes\", \"metodo\": \"GET\"}','2026-01-16 21:01:57'),(53,3,NULL,NULL,'ver_mis_reportes','{\"reportes\": []}','2026-01-16 21:01:57'),(54,3,NULL,NULL,'acceso_ruta_protegida','{\"ruta\": \"/api/reporte/mis-reportes\", \"metodo\": \"GET\"}','2026-01-16 21:01:57'),(55,3,NULL,NULL,'ver_mis_reportes','{\"reportes\": []}','2026-01-16 21:01:57'),(56,3,NULL,NULL,'login','{\"email\": \"nuevo1@correo.com\"}','2026-01-16 21:09:12'),(57,3,NULL,NULL,'acceso_ruta_protegida','{\"ruta\": \"/api/marcas\", \"metodo\": \"GET\"}','2026-01-16 21:09:12'),(58,3,NULL,NULL,'acceso_ruta_protegida','{\"ruta\": \"/api/marcas\", \"metodo\": \"GET\"}','2026-01-16 21:09:12'),(59,3,NULL,NULL,'acceso_ruta_protegida','{\"ruta\": \"/api/reporte/mis-reportes\", \"metodo\": \"GET\"}','2026-01-16 21:09:13'),(60,3,NULL,NULL,'ver_mis_reportes','{\"reportes\": []}','2026-01-16 21:09:13'),(61,3,NULL,NULL,'acceso_ruta_protegida','{\"ruta\": \"/api/reporte/mis-reportes\", \"metodo\": \"GET\"}','2026-01-16 21:09:13'),(62,3,NULL,NULL,'ver_mis_reportes','{\"reportes\": []}','2026-01-16 21:09:13'),(63,3,NULL,NULL,'acceso_ruta_protegida','{\"ruta\": \"/api/reporte/mis-reportes\", \"metodo\": \"GET\"}','2026-01-16 21:09:18'),(64,3,NULL,NULL,'ver_mis_reportes','{\"reportes\": []}','2026-01-16 21:09:18'),(65,3,NULL,NULL,'acceso_ruta_protegida','{\"ruta\": \"/api/reporte/mis-reportes\", \"metodo\": \"GET\"}','2026-01-16 21:09:18'),(66,3,NULL,NULL,'ver_mis_reportes','{\"reportes\": []}','2026-01-16 21:09:18'),(67,3,NULL,NULL,'acceso_ruta_protegida','{\"ruta\": \"/api/reporte/mis-reportes\", \"metodo\": \"GET\"}','2026-01-16 21:09:19'),(68,3,NULL,NULL,'ver_mis_reportes','{\"reportes\": []}','2026-01-16 21:09:19'),(69,3,NULL,NULL,'acceso_ruta_protegida','{\"ruta\": \"/api/reporte/mis-reportes\", \"metodo\": \"GET\"}','2026-01-16 21:09:19'),(70,3,NULL,NULL,'ver_mis_reportes','{\"reportes\": []}','2026-01-16 21:09:19'),(71,3,NULL,NULL,'login','{\"email\": \"nuevo1@correo.com\"}','2026-01-16 21:13:13'),(72,3,NULL,NULL,'acceso_ruta_protegida','{\"ruta\": \"/api/marcas\", \"metodo\": \"GET\"}','2026-01-16 21:13:13'),(73,3,NULL,NULL,'acceso_ruta_protegida','{\"ruta\": \"/api/marcas\", \"metodo\": \"GET\"}','2026-01-16 21:13:13'),(74,3,NULL,NULL,'acceso_ruta_protegida','{\"ruta\": \"/api/reporte/mis-reportes\", \"metodo\": \"GET\"}','2026-01-16 21:13:15'),(75,3,NULL,NULL,'ver_mis_reportes','{\"reportes\": []}','2026-01-16 21:13:15'),(76,3,NULL,NULL,'acceso_ruta_protegida','{\"ruta\": \"/api/reporte/mis-reportes\", \"metodo\": \"GET\"}','2026-01-16 21:13:15'),(77,3,NULL,NULL,'ver_mis_reportes','{\"reportes\": []}','2026-01-16 21:13:15'),(78,3,NULL,NULL,'login','{\"email\": \"nuevo1@correo.com\"}','2026-01-16 21:17:43'),(79,3,NULL,NULL,'acceso_ruta_protegida','{\"ruta\": \"/api/marcas\", \"metodo\": \"GET\"}','2026-01-16 21:17:43'),(80,3,NULL,NULL,'acceso_ruta_protegida','{\"ruta\": \"/api/marcas\", \"metodo\": \"GET\"}','2026-01-16 21:17:43'),(81,3,NULL,NULL,'acceso_ruta_protegida','{\"ruta\": \"/api/reporte/mis-reportes\", \"metodo\": \"GET\"}','2026-01-16 21:17:44'),(82,3,NULL,NULL,'ver_mis_reportes','{\"reportes\": []}','2026-01-16 21:17:44'),(83,3,NULL,NULL,'acceso_ruta_protegida','{\"ruta\": \"/api/reporte/mis-reportes\", \"metodo\": \"GET\"}','2026-01-16 21:17:44'),(84,3,NULL,NULL,'ver_mis_reportes','{\"reportes\": []}','2026-01-16 21:17:44'),(85,3,NULL,NULL,'acceso_ruta_protegida','{\"ruta\": \"/api/marcas\", \"metodo\": \"GET\"}','2026-01-16 21:17:54'),(86,3,NULL,NULL,'acceso_ruta_protegida','{\"ruta\": \"/api/marcas\", \"metodo\": \"GET\"}','2026-01-16 21:17:54'),(87,3,NULL,NULL,'acceso_ruta_protegida','{\"ruta\": \"/api/reporte/mis-reportes\", \"metodo\": \"GET\"}','2026-01-16 21:17:56'),(88,3,NULL,NULL,'ver_mis_reportes','{\"reportes\": []}','2026-01-16 21:17:56'),(89,3,NULL,NULL,'acceso_ruta_protegida','{\"ruta\": \"/api/reporte/mis-reportes\", \"metodo\": \"GET\"}','2026-01-16 21:17:56'),(90,3,NULL,NULL,'ver_mis_reportes','{\"reportes\": []}','2026-01-16 21:17:56'),(91,3,NULL,NULL,'login','{\"email\": \"nuevo1@correo.com\"}','2026-01-16 21:18:04'),(92,3,NULL,NULL,'acceso_ruta_protegida','{\"ruta\": \"/api/marcas\", \"metodo\": \"GET\"}','2026-01-16 21:18:04'),(93,3,NULL,NULL,'acceso_ruta_protegida','{\"ruta\": \"/api/marcas\", \"metodo\": \"GET\"}','2026-01-16 21:18:04'),(94,3,NULL,NULL,'acceso_ruta_protegida','{\"ruta\": \"/api/distribuidoras?marca=Seat\", \"metodo\": \"GET\"}','2026-01-16 21:18:08'),(95,3,NULL,NULL,'acceso_ruta_protegida','{\"ruta\": \"/api/reporte\", \"metodo\": \"POST\"}','2026-01-16 21:18:21'),(96,3,'Seat','5564','crear_reporte','{\"marca\": \"Seat\", \"distribuidoras\": [\"5564\"]}','2026-01-16 21:21:58'),(97,3,NULL,NULL,'login','{\"email\": \"nuevo1@correo.com\"}','2026-01-18 05:03:22'),(98,3,NULL,NULL,'acceso_ruta_protegida','{\"ruta\": \"/api/marcas\", \"metodo\": \"GET\"}','2026-01-18 05:03:22'),(99,3,NULL,NULL,'acceso_ruta_protegida','{\"ruta\": \"/api/marcas\", \"metodo\": \"GET\"}','2026-01-18 05:03:22'),(100,3,NULL,NULL,'login','{\"email\": \"nuevo1@correo.com\"}','2026-01-18 06:41:17'),(101,3,NULL,NULL,'acceso_ruta_protegida','{\"ruta\": \"/api/marcas\", \"metodo\": \"GET\"}','2026-01-18 06:41:17'),(102,3,NULL,NULL,'acceso_ruta_protegida','{\"ruta\": \"/api/marcas\", \"metodo\": \"GET\"}','2026-01-18 06:41:17'),(103,3,NULL,NULL,'acceso_ruta_protegida','{\"ruta\": \"/api/distribuidoras?marca=Seat\", \"metodo\": \"GET\"}','2026-01-18 06:41:22'),(104,3,NULL,NULL,'acceso_ruta_protegida','{\"ruta\": \"/api/distribuidoras?marca=Seat\", \"metodo\": \"GET\"}','2026-01-18 06:41:45'),(105,3,NULL,NULL,'acceso_ruta_protegida','{\"ruta\": \"/api/reporte\", \"metodo\": \"POST\"}','2026-01-18 06:41:57'),(106,3,'Seat','5553','crear_reporte','{\"marca\": \"Seat\", \"distribuidoras\": [\"5553\"]}','2026-01-18 06:49:07'),(107,3,NULL,NULL,'login','{\"email\": \"nuevo1@correo.com\"}','2026-02-14 23:18:46'),(108,3,NULL,NULL,'acceso_ruta_protegida','{\"ruta\": \"/api/marcas\", \"metodo\": \"GET\"}','2026-02-14 23:18:46'),(109,3,NULL,NULL,'acceso_ruta_protegida','{\"ruta\": \"/api/marcas\", \"metodo\": \"GET\"}','2026-02-14 23:18:46'),(110,3,NULL,NULL,'login','{\"email\": \"nuevo1@correo.com\"}','2026-02-14 23:19:16'),(111,3,NULL,NULL,'acceso_ruta_protegida','{\"ruta\": \"/api/marcas\", \"metodo\": \"GET\"}','2026-02-14 23:19:16'),(112,3,NULL,NULL,'acceso_ruta_protegida','{\"ruta\": \"/api/marcas\", \"metodo\": \"GET\"}','2026-02-14 23:19:16'),(113,3,NULL,NULL,'acceso_ruta_protegida','{\"ruta\": \"/api/reporte/mis-reportes\", \"metodo\": \"GET\"}','2026-02-14 23:19:26'),(114,3,NULL,NULL,'ver_mis_reportes','{\"reportes\": [{\"id\": 3, \"marca\": \"Seat\", \"fileUrl\": \"http://localhost:3000/storage/Resultados/Seat-ValidacionesPrincipales/Reporte/Reporte_2026-01-18_06-49-06.xlsx\", \"created_at\": \"2026-01-18T06:49:07.000Z\", \"distribuidoras\": [{\"id\": 5553, \"url\": \"seatchiapas.mx\", \"name\": \"SEAT CHIAPAS\"}]}, {\"id\": 2, \"marca\": \"Seat\", \"fileUrl\": \"http://localhost:3000/storage/Resultados/Seat-ValidacionesPrincipales/Reporte/Reporte_2026-01-16_21-21-58.xlsx\", \"created_at\": \"2026-01-16T21:21:58.000Z\", \"distribuidoras\": [{\"id\": 5564, \"url\": \"seat-aguaazul.com.mx\", \"name\": \"SEAT AGUA AZUL GUADALAJARA\"}]}]}','2026-02-14 23:19:26'),(115,3,NULL,NULL,'acceso_ruta_protegida','{\"ruta\": \"/api/reporte/mis-reportes\", \"metodo\": \"GET\"}','2026-02-14 23:19:26'),(116,3,NULL,NULL,'ver_mis_reportes','{\"reportes\": [{\"id\": 3, \"marca\": \"Seat\", \"fileUrl\": \"http://localhost:3000/storage/Resultados/Seat-ValidacionesPrincipales/Reporte/Reporte_2026-01-18_06-49-06.xlsx\", \"created_at\": \"2026-01-18T06:49:07.000Z\", \"distribuidoras\": [{\"id\": 5553, \"url\": \"seatchiapas.mx\", \"name\": \"SEAT CHIAPAS\"}]}, {\"id\": 2, \"marca\": \"Seat\", \"fileUrl\": \"http://localhost:3000/storage/Resultados/Seat-ValidacionesPrincipales/Reporte/Reporte_2026-01-16_21-21-58.xlsx\", \"created_at\": \"2026-01-16T21:21:58.000Z\", \"distribuidoras\": [{\"id\": 5564, \"url\": \"seat-aguaazul.com.mx\", \"name\": \"SEAT AGUA AZUL GUADALAJARA\"}]}]}','2026-02-14 23:19:26'),(117,3,NULL,NULL,'acceso_ruta_protegida','{\"ruta\": \"/api/marcas\", \"metodo\": \"GET\"}','2026-02-14 23:19:28'),(118,3,NULL,NULL,'acceso_ruta_protegida','{\"ruta\": \"/api/marcas\", \"metodo\": \"GET\"}','2026-02-14 23:19:28'),(119,3,NULL,NULL,'acceso_ruta_protegida','{\"ruta\": \"/api/reporte/mis-reportes\", \"metodo\": \"GET\"}','2026-02-14 23:19:41'),(120,3,NULL,NULL,'ver_mis_reportes','{\"reportes\": [{\"id\": 3, \"marca\": \"Seat\", \"fileUrl\": \"http://localhost:3000/storage/Resultados/Seat-ValidacionesPrincipales/Reporte/Reporte_2026-01-18_06-49-06.xlsx\", \"created_at\": \"2026-01-18T06:49:07.000Z\", \"distribuidoras\": [{\"id\": 5553, \"url\": \"seatchiapas.mx\", \"name\": \"SEAT CHIAPAS\"}]}, {\"id\": 2, \"marca\": \"Seat\", \"fileUrl\": \"http://localhost:3000/storage/Resultados/Seat-ValidacionesPrincipales/Reporte/Reporte_2026-01-16_21-21-58.xlsx\", \"created_at\": \"2026-01-16T21:21:58.000Z\", \"distribuidoras\": [{\"id\": 5564, \"url\": \"seat-aguaazul.com.mx\", \"name\": \"SEAT AGUA AZUL GUADALAJARA\"}]}]}','2026-02-14 23:19:41'),(121,3,NULL,NULL,'acceso_ruta_protegida','{\"ruta\": \"/api/reporte/mis-reportes\", \"metodo\": \"GET\"}','2026-02-14 23:19:41'),(122,3,NULL,NULL,'ver_mis_reportes','{\"reportes\": [{\"id\": 3, \"marca\": \"Seat\", \"fileUrl\": \"http://localhost:3000/storage/Resultados/Seat-ValidacionesPrincipales/Reporte/Reporte_2026-01-18_06-49-06.xlsx\", \"created_at\": \"2026-01-18T06:49:07.000Z\", \"distribuidoras\": [{\"id\": 5553, \"url\": \"seatchiapas.mx\", \"name\": \"SEAT CHIAPAS\"}]}, {\"id\": 2, \"marca\": \"Seat\", \"fileUrl\": \"http://localhost:3000/storage/Resultados/Seat-ValidacionesPrincipales/Reporte/Reporte_2026-01-16_21-21-58.xlsx\", \"created_at\": \"2026-01-16T21:21:58.000Z\", \"distribuidoras\": [{\"id\": 5564, \"url\": \"seat-aguaazul.com.mx\", \"name\": \"SEAT AGUA AZUL GUADALAJARA\"}]}]}','2026-02-14 23:19:41'),(123,3,NULL,NULL,'acceso_ruta_protegida','{\"ruta\": \"/api/marcas\", \"metodo\": \"GET\"}','2026-02-14 23:19:45'),(124,3,NULL,NULL,'acceso_ruta_protegida','{\"ruta\": \"/api/marcas\", \"metodo\": \"GET\"}','2026-02-14 23:19:45'),(125,3,NULL,NULL,'acceso_ruta_protegida','{\"ruta\": \"/api/distribuidoras?marca=Seat\", \"metodo\": \"GET\"}','2026-02-14 23:19:49'),(126,3,NULL,NULL,'login','{\"email\": \"nuevo1@correo.com\"}','2026-02-14 23:20:18'),(127,3,NULL,NULL,'acceso_ruta_protegida','{\"ruta\": \"/api/marcas\", \"metodo\": \"GET\"}','2026-02-14 23:20:18'),(128,3,NULL,NULL,'acceso_ruta_protegida','{\"ruta\": \"/api/marcas\", \"metodo\": \"GET\"}','2026-02-14 23:20:18'),(129,3,NULL,NULL,'acceso_ruta_protegida','{\"ruta\": \"/api/distribuidoras?marca=Seat\", \"metodo\": \"GET\"}','2026-02-14 23:20:26'),(130,3,NULL,NULL,'acceso_ruta_protegida','{\"ruta\": \"/api/reporte\", \"metodo\": \"POST\"}','2026-02-14 23:20:39'),(131,3,'Seat','5565','crear_reporte','{\"marca\": \"Seat\", \"distribuidoras\": [\"5565\"]}','2026-02-14 23:29:41'),(132,3,NULL,NULL,'login','{\"email\": \"nuevo1@correo.com\"}','2026-02-14 23:45:53'),(133,3,NULL,NULL,'acceso_ruta_protegida','{\"ruta\": \"/api/marcas\", \"metodo\": \"GET\"}','2026-02-14 23:45:53'),(134,3,NULL,NULL,'acceso_ruta_protegida','{\"ruta\": \"/api/marcas\", \"metodo\": \"GET\"}','2026-02-14 23:45:53'),(135,3,NULL,NULL,'acceso_ruta_protegida','{\"ruta\": \"/api/reporte/mis-reportes\", \"metodo\": \"GET\"}','2026-02-14 23:45:54'),(136,3,NULL,NULL,'ver_mis_reportes','{\"reportes\": [{\"id\": 4, \"marca\": \"Seat\", \"fileUrl\": \"http://localhost:3000/storage/Resultados/Seat-ValidacionesPrincipales/Reporte/Reporte_2026-02-14_23-29-41.xlsx\", \"created_at\": \"2026-02-14T23:29:41.000Z\", \"distribuidoras\": [{\"id\": 5565, \"url\": \"www.seat-chapultepec.com.mx\", \"name\": \"SEAT CHAPULTEPEC\"}]}, {\"id\": 3, \"marca\": \"Seat\", \"fileUrl\": \"http://localhost:3000/storage/Resultados/Seat-ValidacionesPrincipales/Reporte/Reporte_2026-01-18_06-49-06.xlsx\", \"created_at\": \"2026-01-18T06:49:07.000Z\", \"distribuidoras\": [{\"id\": 5553, \"url\": \"seatchiapas.mx\", \"name\": \"SEAT CHIAPAS\"}]}, {\"id\": 2, \"marca\": \"Seat\", \"fileUrl\": \"http://localhost:3000/storage/Resultados/Seat-ValidacionesPrincipales/Reporte/Reporte_2026-01-16_21-21-58.xlsx\", \"created_at\": \"2026-01-16T21:21:58.000Z\", \"distribuidoras\": [{\"id\": 5564, \"url\": \"seat-aguaazul.com.mx\", \"name\": \"SEAT AGUA AZUL GUADALAJARA\"}]}]}','2026-02-14 23:45:54'),(137,3,NULL,NULL,'acceso_ruta_protegida','{\"ruta\": \"/api/reporte/mis-reportes\", \"metodo\": \"GET\"}','2026-02-14 23:45:54'),(138,3,NULL,NULL,'ver_mis_reportes','{\"reportes\": [{\"id\": 4, \"marca\": \"Seat\", \"fileUrl\": \"http://localhost:3000/storage/Resultados/Seat-ValidacionesPrincipales/Reporte/Reporte_2026-02-14_23-29-41.xlsx\", \"created_at\": \"2026-02-14T23:29:41.000Z\", \"distribuidoras\": [{\"id\": 5565, \"url\": \"www.seat-chapultepec.com.mx\", \"name\": \"SEAT CHAPULTEPEC\"}]}, {\"id\": 3, \"marca\": \"Seat\", \"fileUrl\": \"http://localhost:3000/storage/Resultados/Seat-ValidacionesPrincipales/Reporte/Reporte_2026-01-18_06-49-06.xlsx\", \"created_at\": \"2026-01-18T06:49:07.000Z\", \"distribuidoras\": [{\"id\": 5553, \"url\": \"seatchiapas.mx\", \"name\": \"SEAT CHIAPAS\"}]}, {\"id\": 2, \"marca\": \"Seat\", \"fileUrl\": \"http://localhost:3000/storage/Resultados/Seat-ValidacionesPrincipales/Reporte/Reporte_2026-01-16_21-21-58.xlsx\", \"created_at\": \"2026-01-16T21:21:58.000Z\", \"distribuidoras\": [{\"id\": 5564, \"url\": \"seat-aguaazul.com.mx\", \"name\": \"SEAT AGUA AZUL GUADALAJARA\"}]}]}','2026-02-14 23:45:54'),(139,3,NULL,NULL,'login','{\"email\": \"nuevo1@correo.com\"}','2026-02-14 23:54:39'),(140,3,NULL,NULL,'acceso_ruta_protegida','{\"ruta\": \"/api/marcas\", \"metodo\": \"GET\"}','2026-02-14 23:54:39'),(141,3,NULL,NULL,'acceso_ruta_protegida','{\"ruta\": \"/api/marcas\", \"metodo\": \"GET\"}','2026-02-14 23:54:39'),(142,3,NULL,NULL,'acceso_ruta_protegida','{\"ruta\": \"/api/reporte/mis-reportes\", \"metodo\": \"GET\"}','2026-02-14 23:54:41'),(143,3,NULL,NULL,'ver_mis_reportes','{\"reportes\": [{\"id\": 4, \"marca\": \"Seat\", \"fileUrl\": \"http://localhost:3000/storage/Resultados/Seat-ValidacionesPrincipales/Reporte/Reporte_2026-02-14_23-29-41.xlsx\", \"created_at\": \"2026-02-14T23:29:41.000Z\", \"distribuidoras\": [{\"id\": 5565, \"url\": \"www.seat-chapultepec.com.mx\", \"name\": \"SEAT CHAPULTEPEC\"}]}, {\"id\": 3, \"marca\": \"Seat\", \"fileUrl\": \"http://localhost:3000/storage/Resultados/Seat-ValidacionesPrincipales/Reporte/Reporte_2026-01-18_06-49-06.xlsx\", \"created_at\": \"2026-01-18T06:49:07.000Z\", \"distribuidoras\": [{\"id\": 5553, \"url\": \"seatchiapas.mx\", \"name\": \"SEAT CHIAPAS\"}]}, {\"id\": 2, \"marca\": \"Seat\", \"fileUrl\": \"http://localhost:3000/storage/Resultados/Seat-ValidacionesPrincipales/Reporte/Reporte_2026-01-16_21-21-58.xlsx\", \"created_at\": \"2026-01-16T21:21:58.000Z\", \"distribuidoras\": [{\"id\": 5564, \"url\": \"seat-aguaazul.com.mx\", \"name\": \"SEAT AGUA AZUL GUADALAJARA\"}]}]}','2026-02-14 23:54:41'),(144,3,NULL,NULL,'acceso_ruta_protegida','{\"ruta\": \"/api/reporte/mis-reportes\", \"metodo\": \"GET\"}','2026-02-14 23:54:41'),(145,3,NULL,NULL,'ver_mis_reportes','{\"reportes\": [{\"id\": 4, \"marca\": \"Seat\", \"fileUrl\": \"http://localhost:3000/storage/Resultados/Seat-ValidacionesPrincipales/Reporte/Reporte_2026-02-14_23-29-41.xlsx\", \"created_at\": \"2026-02-14T23:29:41.000Z\", \"distribuidoras\": [{\"id\": 5565, \"url\": \"www.seat-chapultepec.com.mx\", \"name\": \"SEAT CHAPULTEPEC\"}]}, {\"id\": 3, \"marca\": \"Seat\", \"fileUrl\": \"http://localhost:3000/storage/Resultados/Seat-ValidacionesPrincipales/Reporte/Reporte_2026-01-18_06-49-06.xlsx\", \"created_at\": \"2026-01-18T06:49:07.000Z\", \"distribuidoras\": [{\"id\": 5553, \"url\": \"seatchiapas.mx\", \"name\": \"SEAT CHIAPAS\"}]}, {\"id\": 2, \"marca\": \"Seat\", \"fileUrl\": \"http://localhost:3000/storage/Resultados/Seat-ValidacionesPrincipales/Reporte/Reporte_2026-01-16_21-21-58.xlsx\", \"created_at\": \"2026-01-16T21:21:58.000Z\", \"distribuidoras\": [{\"id\": 5564, \"url\": \"seat-aguaazul.com.mx\", \"name\": \"SEAT AGUA AZUL GUADALAJARA\"}]}]}','2026-02-14 23:54:41'),(146,3,NULL,NULL,'acceso_ruta_protegida','{\"ruta\": \"/api/marcas\", \"metodo\": \"GET\"}','2026-02-14 23:54:43'),(147,3,NULL,NULL,'acceso_ruta_protegida','{\"ruta\": \"/api/marcas\", \"metodo\": \"GET\"}','2026-02-14 23:54:43'),(148,3,NULL,NULL,'acceso_ruta_protegida','{\"ruta\": \"/api/distribuidoras?marca=Seat\", \"metodo\": \"GET\"}','2026-02-14 23:54:50'),(149,3,NULL,NULL,'acceso_ruta_protegida','{\"ruta\": \"/api/reporte\", \"metodo\": \"POST\"}','2026-02-14 23:55:20'),(150,3,'Seat','5553','crear_reporte','{\"marca\": \"Seat\", \"distribuidoras\": [\"5553\"]}','2026-02-15 00:03:54'),(151,3,NULL,NULL,'login','{\"email\": \"nuevo1@correo.com\"}','2026-02-15 00:15:54'),(152,3,NULL,NULL,'acceso_ruta_protegida','{\"ruta\": \"/api/marcas\", \"metodo\": \"GET\"}','2026-02-15 00:15:54'),(153,3,NULL,NULL,'acceso_ruta_protegida','{\"ruta\": \"/api/marcas\", \"metodo\": \"GET\"}','2026-02-15 00:15:54'),(154,3,NULL,NULL,'acceso_ruta_protegida','{\"ruta\": \"/api/distribuidoras?marca=Seat\", \"metodo\": \"GET\"}','2026-02-15 00:15:58'),(155,3,NULL,NULL,'acceso_ruta_protegida','{\"ruta\": \"/api/reporte\", \"metodo\": \"POST\"}','2026-02-15 00:16:08'),(156,3,'Seat','5556','crear_reporte','{\"marca\": \"Seat\", \"distribuidoras\": [\"5556\"]}','2026-02-15 00:24:09'),(157,3,NULL,NULL,'login','{\"email\": \"nuevo1@correo.com\"}','2026-02-15 23:36:27'),(158,3,NULL,NULL,'acceso_ruta_protegida','{\"ruta\": \"/api/marcas\", \"metodo\": \"GET\"}','2026-02-15 23:36:27'),(159,3,NULL,NULL,'acceso_ruta_protegida','{\"ruta\": \"/api/marcas\", \"metodo\": \"GET\"}','2026-02-15 23:36:27'),(160,3,NULL,NULL,'acceso_ruta_protegida','{\"ruta\": \"/api/distribuidoras?marca=Seat\", \"metodo\": \"GET\"}','2026-02-15 23:36:31'),(161,3,NULL,NULL,'acceso_ruta_protegida','{\"ruta\": \"/api/reporte\", \"metodo\": \"POST\"}','2026-02-15 23:36:44'),(162,3,'Seat','5564','crear_reporte','{\"marca\": \"Seat\", \"distribuidoras\": [\"5564\"]}','2026-02-15 23:45:16'),(163,3,NULL,NULL,'login','{\"email\": \"nuevo1@correo.com\"}','2026-02-15 23:50:47'),(164,3,NULL,NULL,'acceso_ruta_protegida','{\"ruta\": \"/api/marcas\", \"metodo\": \"GET\"}','2026-02-15 23:50:47'),(165,3,NULL,NULL,'acceso_ruta_protegida','{\"ruta\": \"/api/marcas\", \"metodo\": \"GET\"}','2026-02-15 23:50:47'),(166,3,NULL,NULL,'acceso_ruta_protegida','{\"ruta\": \"/api/distribuidoras?marca=Seat\", \"metodo\": \"GET\"}','2026-02-15 23:50:51'),(167,3,NULL,NULL,'acceso_ruta_protegida','{\"ruta\": \"/api/reporte\", \"metodo\": \"POST\"}','2026-02-15 23:51:00'),(168,3,'Seat','5556','crear_reporte','{\"marca\": \"Seat\", \"distribuidoras\": [\"5556\"]}','2026-02-15 23:51:58'),(169,3,NULL,NULL,'login','{\"email\": \"nuevo1@correo.com\"}','2026-02-16 00:05:35'),(170,3,NULL,NULL,'acceso_ruta_protegida','{\"ruta\": \"/api/marcas\", \"metodo\": \"GET\"}','2026-02-16 00:05:35'),(171,3,NULL,NULL,'acceso_ruta_protegida','{\"ruta\": \"/api/marcas\", \"metodo\": \"GET\"}','2026-02-16 00:05:35'),(172,3,NULL,NULL,'acceso_ruta_protegida','{\"ruta\": \"/api/distribuidoras?marca=Seat\", \"metodo\": \"GET\"}','2026-02-16 00:05:43'),(173,3,NULL,NULL,'acceso_ruta_protegida','{\"ruta\": \"/api/reporte\", \"metodo\": \"POST\"}','2026-02-16 00:05:51'),(174,3,'Seat','5556','crear_reporte','{\"marca\": \"Seat\", \"distribuidoras\": [\"5556\"]}','2026-02-16 00:08:42'),(175,4,NULL,NULL,'login','{\"email\": \"test@correo.com\"}','2026-02-16 00:15:55'),(176,4,NULL,NULL,'acceso_ruta_protegida','{\"ruta\": \"/api/reporte\", \"metodo\": \"POST\"}','2026-02-16 00:16:21'),(177,4,'Seat','5556','crear_reporte','{\"marca\": \"Seat\", \"distribuidoras\": [\"5556\"]}','2026-02-16 00:18:36'),(178,3,NULL,NULL,'login','{\"email\": \"nuevo1@correo.com\"}','2026-02-16 00:25:05'),(179,3,NULL,NULL,'acceso_ruta_protegida','{\"ruta\": \"/api/marcas\", \"metodo\": \"GET\"}','2026-02-16 00:25:05'),(180,3,NULL,NULL,'acceso_ruta_protegida','{\"ruta\": \"/api/marcas\", \"metodo\": \"GET\"}','2026-02-16 00:25:05'),(181,3,NULL,NULL,'acceso_ruta_protegida','{\"ruta\": \"/api/distribuidoras?marca=Seat\", \"metodo\": \"GET\"}','2026-02-16 00:25:10'),(182,3,NULL,NULL,'acceso_ruta_protegida','{\"ruta\": \"/api/reporte\", \"metodo\": \"POST\"}','2026-02-16 00:25:19'),(183,3,'Seat','5532','crear_reporte','{\"marca\": \"Seat\", \"distribuidoras\": [\"5532\"]}','2026-02-16 00:26:51'),(184,3,NULL,NULL,'login','{\"email\": \"nuevo1@correo.com\"}','2026-02-16 00:27:35'),(185,3,NULL,NULL,'acceso_ruta_protegida','{\"ruta\": \"/api/marcas\", \"metodo\": \"GET\"}','2026-02-16 00:27:35'),(186,3,NULL,NULL,'acceso_ruta_protegida','{\"ruta\": \"/api/marcas\", \"metodo\": \"GET\"}','2026-02-16 00:27:35'),(187,3,NULL,NULL,'acceso_ruta_protegida','{\"ruta\": \"/api/distribuidoras?marca=Seat\", \"metodo\": \"GET\"}','2026-02-16 00:27:42'),(188,3,NULL,NULL,'acceso_ruta_protegida','{\"ruta\": \"/api/reporte\", \"metodo\": \"POST\"}','2026-02-16 00:27:54'),(189,3,'Seat','5572','crear_reporte','{\"marca\": \"Seat\", \"distribuidoras\": [\"5572\"]}','2026-02-16 00:30:56'),(190,3,NULL,NULL,'login','{\"email\": \"nuevo1@correo.com\"}','2026-02-16 00:36:36'),(191,3,NULL,NULL,'acceso_ruta_protegida','{\"ruta\": \"/api/marcas\", \"metodo\": \"GET\"}','2026-02-16 00:36:36'),(192,3,NULL,NULL,'acceso_ruta_protegida','{\"ruta\": \"/api/marcas\", \"metodo\": \"GET\"}','2026-02-16 00:36:36'),(193,3,NULL,NULL,'acceso_ruta_protegida','{\"ruta\": \"/api/distribuidoras?marca=Seat\", \"metodo\": \"GET\"}','2026-02-16 00:36:39'),(194,3,NULL,NULL,'acceso_ruta_protegida','{\"ruta\": \"/api/reporte\", \"metodo\": \"POST\"}','2026-02-16 00:36:48'),(195,3,NULL,NULL,'login','{\"email\": \"nuevo1@correo.com\"}','2026-02-16 01:09:05'),(196,3,NULL,NULL,'acceso_ruta_protegida','{\"ruta\": \"/api/marcas\", \"metodo\": \"GET\"}','2026-02-16 01:09:05'),(197,3,NULL,NULL,'acceso_ruta_protegida','{\"ruta\": \"/api/marcas\", \"metodo\": \"GET\"}','2026-02-16 01:09:05'),(198,3,NULL,NULL,'acceso_ruta_protegida','{\"ruta\": \"/api/distribuidoras?marca=Seat\", \"metodo\": \"GET\"}','2026-02-16 01:09:10'),(199,3,NULL,NULL,'acceso_ruta_protegida','{\"ruta\": \"/api/reporte\", \"metodo\": \"POST\"}','2026-02-16 01:09:22'),(200,3,NULL,NULL,'login','{\"email\": \"nuevo1@correo.com\"}','2026-02-16 01:12:46'),(201,3,NULL,NULL,'acceso_ruta_protegida','{\"ruta\": \"/api/marcas\", \"metodo\": \"GET\"}','2026-02-16 01:12:46'),(202,3,NULL,NULL,'acceso_ruta_protegida','{\"ruta\": \"/api/marcas\", \"metodo\": \"GET\"}','2026-02-16 01:12:46'),(203,3,NULL,NULL,'acceso_ruta_protegida','{\"ruta\": \"/api/distribuidoras?marca=Seat\", \"metodo\": \"GET\"}','2026-02-16 01:12:49'),(204,3,NULL,NULL,'acceso_ruta_protegida','{\"ruta\": \"/api/reporte\", \"metodo\": \"POST\"}','2026-02-16 01:12:57'),(205,3,NULL,NULL,'login','{\"email\": \"nuevo1@correo.com\"}','2026-02-16 01:29:50'),(206,3,NULL,NULL,'acceso_ruta_protegida','{\"ruta\": \"/api/marcas\", \"metodo\": \"GET\"}','2026-02-16 01:29:50'),(207,3,NULL,NULL,'acceso_ruta_protegida','{\"ruta\": \"/api/marcas\", \"metodo\": \"GET\"}','2026-02-16 01:29:50'),(208,3,NULL,NULL,'acceso_ruta_protegida','{\"ruta\": \"/api/distribuidoras?marca=Seat\", \"metodo\": \"GET\"}','2026-02-16 01:29:56'),(209,3,NULL,NULL,'acceso_ruta_protegida','{\"ruta\": \"/api/reporte\", \"metodo\": \"POST\"}','2026-02-16 01:30:04'),(210,3,NULL,NULL,'login','{\"email\": \"nuevo1@correo.com\"}','2026-02-16 01:33:32'),(211,3,NULL,NULL,'acceso_ruta_protegida','{\"ruta\": \"/api/marcas\", \"metodo\": \"GET\"}','2026-02-16 01:33:32'),(212,3,NULL,NULL,'acceso_ruta_protegida','{\"ruta\": \"/api/distribuidoras?marca=Seat\", \"metodo\": \"GET\"}','2026-02-16 01:33:36'),(213,3,NULL,NULL,'acceso_ruta_protegida','{\"ruta\": \"/api/reporte\", \"metodo\": \"POST\"}','2026-02-16 01:33:45'),(214,3,NULL,NULL,'login','{\"email\": \"nuevo1@correo.com\"}','2026-02-16 01:39:09'),(215,3,NULL,NULL,'acceso_ruta_protegida','{\"ruta\": \"/api/marcas\", \"metodo\": \"GET\"}','2026-02-16 01:39:56'),(216,3,NULL,NULL,'login','{\"email\": \"nuevo1@correo.com\"}','2026-02-16 01:40:06'),(217,3,NULL,NULL,'acceso_ruta_protegida','{\"ruta\": \"/api/marcas\", \"metodo\": \"GET\"}','2026-02-16 01:40:06'),(218,3,NULL,NULL,'acceso_ruta_protegida','{\"ruta\": \"/api/distribuidoras?marca=Seat\", \"metodo\": \"GET\"}','2026-02-16 01:40:11'),(219,3,NULL,NULL,'acceso_ruta_protegida','{\"ruta\": \"/api/reporte\", \"metodo\": \"POST\"}','2026-02-16 01:40:19'),(220,3,NULL,NULL,'login','{\"email\": \"nuevo1@correo.com\"}','2026-02-16 02:36:14'),(221,3,NULL,NULL,'acceso_ruta_protegida','{\"ruta\": \"/api/marcas\", \"metodo\": \"GET\"}','2026-02-16 02:36:14'),(222,3,NULL,NULL,'acceso_ruta_protegida','{\"ruta\": \"/api/distribuidoras?marca=Seat\", \"metodo\": \"GET\"}','2026-02-16 02:36:17'),(223,3,NULL,NULL,'acceso_ruta_protegida','{\"ruta\": \"/api/reporte\", \"metodo\": \"POST\"}','2026-02-16 02:36:26'),(224,3,NULL,NULL,'login','{\"email\": \"nuevo1@correo.com\"}','2026-02-16 03:31:52'),(225,3,NULL,NULL,'acceso_ruta_protegida','{\"ruta\": \"/api/marcas\", \"metodo\": \"GET\"}','2026-02-16 03:31:52'),(226,3,NULL,NULL,'acceso_ruta_protegida','{\"ruta\": \"/api/distribuidoras?marca=Seat\", \"metodo\": \"GET\"}','2026-02-16 03:32:04'),(227,3,NULL,NULL,'acceso_ruta_protegida','{\"ruta\": \"/api/reporte\", \"metodo\": \"POST\"}','2026-02-16 03:32:22'),(228,3,'Seat','5572','crear_reporte','{\"marca\": \"Seat\", \"distribuidoras\": [\"5572\"]}','2026-02-16 03:34:24'),(229,3,NULL,NULL,'login','{\"email\": \"nuevo1@correo.com\"}','2026-02-16 04:15:33'),(230,3,NULL,NULL,'acceso_ruta_protegida','{\"ruta\": \"/api/marcas\", \"metodo\": \"GET\"}','2026-02-16 04:15:33'),(231,3,NULL,NULL,'acceso_ruta_protegida','{\"ruta\": \"/api/distribuidoras?marca=Seat\", \"metodo\": \"GET\"}','2026-02-16 04:15:38'),(232,3,NULL,NULL,'acceso_ruta_protegida','{\"ruta\": \"/api/reporte\", \"metodo\": \"POST\"}','2026-02-16 04:15:48'),(233,3,'Seat','5532','crear_reporte','{\"marca\": \"Seat\", \"distribuidoras\": [\"5532\"]}','2026-02-16 04:17:24'),(234,3,NULL,NULL,'login','{\"email\": \"nuevo1@correo.com\"}','2026-02-16 05:03:30'),(235,3,NULL,NULL,'acceso_ruta_protegida','{\"ruta\": \"/api/marcas\", \"metodo\": \"GET\"}','2026-02-16 05:03:30'),(236,3,NULL,NULL,'acceso_ruta_protegida','{\"ruta\": \"/api/distribuidoras?marca=Seat\", \"metodo\": \"GET\"}','2026-02-16 05:03:39'),(237,3,NULL,NULL,'login','{\"email\": \"nuevo1@correo.com\"}','2026-02-16 05:04:46'),(238,3,NULL,NULL,'acceso_ruta_protegida','{\"ruta\": \"/api/marcas\", \"metodo\": \"GET\"}','2026-02-16 05:04:46'),(239,3,NULL,NULL,'acceso_ruta_protegida','{\"ruta\": \"/api/distribuidoras?marca=Seat\", \"metodo\": \"GET\"}','2026-02-16 05:04:49'),(240,3,NULL,NULL,'login','{\"email\": \"nuevo1@correo.com\"}','2026-02-16 05:06:00'),(241,3,NULL,NULL,'acceso_ruta_protegida','{\"ruta\": \"/api/marcas\", \"metodo\": \"GET\"}','2026-02-16 05:06:00'),(242,3,NULL,NULL,'acceso_ruta_protegida','{\"ruta\": \"/api/distribuidoras?marca=Seat\", \"metodo\": \"GET\"}','2026-02-16 05:06:05'),(243,3,NULL,NULL,'login','{\"email\": \"nuevo1@correo.com\"}','2026-02-16 05:07:08'),(244,3,NULL,NULL,'acceso_ruta_protegida','{\"ruta\": \"/api/marcas\", \"metodo\": \"GET\"}','2026-02-16 05:07:08'),(245,3,NULL,NULL,'acceso_ruta_protegida','{\"ruta\": \"/api/reporte/mis-reportes\", \"metodo\": \"GET\"}','2026-02-16 05:07:10'),(246,3,NULL,NULL,'ver_mis_reportes','{\"reportes\": [{\"id\": 14, \"marca\": \"Seat\", \"fileUrl\": \"http://localhost:3000/storage/Resultados/Seat-ValidacionesPrincipales/Reporte/Reporte_2026-02-16_04-17-24.xlsx\", \"created_at\": \"2026-02-16T04:17:24.000Z\", \"distribuidoras\": [{\"id\": 5532, \"url\": \"www.autoforumtehuacan.com.mx\", \"name\": \"SEAT AUTOFÓRUM TEHUACÁN\"}]}, {\"id\": 13, \"marca\": \"Seat\", \"fileUrl\": \"http://localhost:3000/storage/Resultados/Seat-ValidacionesPrincipales/Reporte/Reporte_2026-02-16_03-34-23.xlsx\", \"created_at\": \"2026-02-16T03:34:24.000Z\", \"distribuidoras\": [{\"id\": 5572, \"url\": \"seat-lomasverdes.mx\", \"name\": \"SEAT Lomas Verdes\"}]}, {\"id\": 12, \"marca\": \"Seat\", \"fileUrl\": \"http://localhost:3000/storage/Resultados/Seat-ValidacionesPrincipales/Reporte/Reporte_2026-02-16_00-30-56.xlsx\", \"created_at\": \"2026-02-16T00:30:56.000Z\", \"distribuidoras\": [{\"id\": 5572, \"url\": \"seat-lomasverdes.mx\", \"name\": \"SEAT Lomas Verdes\"}]}, {\"id\": 11, \"marca\": \"Seat\", \"fileUrl\": \"http://localhost:3000/storage/Resultados/Seat-ValidacionesPrincipales/Reporte/Reporte_2026-02-16_00-26-51.xlsx\", \"created_at\": \"2026-02-16T00:26:51.000Z\", \"distribuidoras\": [{\"id\": 5532, \"url\": \"www.autoforumtehuacan.com.mx\", \"name\": \"SEAT AUTOFÓRUM TEHUACÁN\"}]}, {\"id\": 9, \"marca\": \"Seat\", \"fileUrl\": \"http://localhost:3000/storage/Resultados/Seat-ValidacionesPrincipales/Reporte/Reporte_2026-02-16_00-08-42.xlsx\", \"created_at\": \"2026-02-16T00:08:42.000Z\", \"distribuidoras\": [{\"id\": 5556, \"url\": \"seat-agricola.com.mx\", \"name\": \"SEAT AGRÍCOLA\"}]}, {\"id\": 8, \"marca\": \"Seat\", \"fileUrl\": \"http://localhost:3000/storage/Resultados/Seat-ValidacionesPrincipales/Reporte/Reporte_2026-02-15_23-51-58.xlsx\", \"created_at\": \"2026-02-15T23:51:58.000Z\", \"distribuidoras\": [{\"id\": 5556, \"url\": \"seat-agricola.com.mx\", \"name\": \"SEAT AGRÍCOLA\"}]}, {\"id\": 7, \"marca\": \"Seat\", \"fileUrl\": \"http://localhost:3000/storage/Resultados/Seat-ValidacionesPrincipales/Reporte/Reporte_2026-02-15_23-45-16.xlsx\", \"created_at\": \"2026-02-15T23:45:16.000Z\", \"distribuidoras\": [{\"id\": 5564, \"url\": \"seat-aguaazul.com.mx\", \"name\": \"SEAT AGUA AZUL GUADALAJARA\"}]}, {\"id\": 6, \"marca\": \"Seat\", \"fileUrl\": \"http://localhost:3000/storage/Resultados/Seat-ValidacionesPrincipales/Reporte/Reporte_2026-02-15_00-24-09.xlsx\", \"created_at\": \"2026-02-15T00:24:09.000Z\", \"distribuidoras\": [{\"id\": 5556, \"url\": \"seat-agricola.com.mx\", \"name\": \"SEAT AGRÍCOLA\"}]}, {\"id\": 5, \"marca\": \"Seat\", \"fileUrl\": \"http://localhost:3000/storage/Resultados/Seat-ValidacionesPrincipales/Reporte/Reporte_2026-02-15_00-03-54.xlsx\", \"created_at\": \"2026-02-15T00:03:54.000Z\", \"distribuidoras\": [{\"id\": 5553, \"url\": \"seatchiapas.mx\", \"name\": \"SEAT CHIAPAS\"}]}, {\"id\": 4, \"marca\": \"Seat\", \"fileUrl\": \"http://localhost:3000/storage/Resultados/Seat-ValidacionesPrincipales/Reporte/Reporte_2026-02-14_23-29-41.xlsx\", \"created_at\": \"2026-02-14T23:29:41.000Z\", \"distribuidoras\": [{\"id\": 5565, \"url\": \"www.seat-chapultepec.com.mx\", \"name\": \"SEAT CHAPULTEPEC\"}]}, {\"id\": 3, \"marca\": \"Seat\", \"fileUrl\": \"http://localhost:3000/storage/Resultados/Seat-ValidacionesPrincipales/Reporte/Reporte_2026-01-18_06-49-06.xlsx\", \"created_at\": \"2026-01-18T06:49:07.000Z\", \"distribuidoras\": [{\"id\": 5553, \"url\": \"seatchiapas.mx\", \"name\": \"SEAT CHIAPAS\"}]}, {\"id\": 2, \"marca\": \"Seat\", \"fileUrl\": \"http://localhost:3000/storage/Resultados/Seat-ValidacionesPrincipales/Reporte/Reporte_2026-01-16_21-21-58.xlsx\", \"created_at\": \"2026-01-16T21:21:58.000Z\", \"distribuidoras\": [{\"id\": 5564, \"url\": \"seat-aguaazul.com.mx\", \"name\": \"SEAT AGUA AZUL GUADALAJARA\"}]}]}','2026-02-16 05:07:11'),(247,3,NULL,NULL,'acceso_ruta_protegida','{\"ruta\": \"/api/marcas\", \"metodo\": \"GET\"}','2026-02-16 05:07:13'),(248,3,NULL,NULL,'acceso_ruta_protegida','{\"ruta\": \"/api/distribuidoras?marca=Seat\", \"metodo\": \"GET\"}','2026-02-16 05:07:18'),(249,3,NULL,NULL,'acceso_ruta_protegida','{\"ruta\": \"/api/reporte\", \"metodo\": \"POST\"}','2026-02-16 05:07:49'),(250,3,'Seat','5530','crear_reporte','{\"marca\": \"Seat\", \"distribuidoras\": [\"5530\"]}','2026-02-16 05:10:17'),(251,3,NULL,NULL,'login','{\"email\": \"nuevo1@correo.com\"}','2026-02-16 05:12:34'),(252,3,NULL,NULL,'acceso_ruta_protegida','{\"ruta\": \"/api/marcas\", \"metodo\": \"GET\"}','2026-02-16 05:12:34'),(253,3,NULL,NULL,'acceso_ruta_protegida','{\"ruta\": \"/api/distribuidoras?marca=Seat\", \"metodo\": \"GET\"}','2026-02-16 05:12:38'),(254,3,NULL,NULL,'acceso_ruta_protegida','{\"ruta\": \"/api/reporte\", \"metodo\": \"POST\"}','2026-02-16 05:12:47'),(255,3,NULL,NULL,'login','{\"email\": \"nuevo1@correo.com\"}','2026-02-16 05:22:30'),(256,3,NULL,NULL,'acceso_ruta_protegida','{\"ruta\": \"/api/marcas\", \"metodo\": \"GET\"}','2026-02-16 05:22:30'),(257,3,NULL,NULL,'acceso_ruta_protegida','{\"ruta\": \"/api/distribuidoras?marca=Seat\", \"metodo\": \"GET\"}','2026-02-16 05:22:32'),(258,3,NULL,NULL,'acceso_ruta_protegida','{\"ruta\": \"/api/reporte\", \"metodo\": \"POST\"}','2026-02-16 05:22:41'),(259,3,NULL,NULL,'login','{\"email\": \"nuevo1@correo.com\"}','2026-02-16 06:50:47'),(260,3,NULL,NULL,'acceso_ruta_protegida','{\"ruta\": \"/api/marcas\", \"metodo\": \"GET\"}','2026-02-16 06:50:47'),(261,3,NULL,NULL,'login','{\"email\": \"nuevo1@correo.com\"}','2026-02-16 06:51:02'),(262,3,NULL,NULL,'acceso_ruta_protegida','{\"ruta\": \"/api/marcas\", \"metodo\": \"GET\"}','2026-02-16 06:51:03'),(263,3,NULL,NULL,'login','{\"email\": \"nuevo1@correo.com\"}','2026-02-16 06:52:58'),(264,3,NULL,NULL,'acceso_ruta_protegida','{\"ruta\": \"/api/marcas\", \"metodo\": \"GET\"}','2026-02-16 06:52:58'),(265,3,NULL,NULL,'acceso_ruta_protegida','{\"ruta\": \"/api/distribuidoras?marca=Seat\", \"metodo\": \"GET\"}','2026-02-16 06:53:13'),(266,4,NULL,NULL,'login','{\"email\": \"test@correo.com\"}','2026-02-16 06:54:14'),(267,3,NULL,NULL,'login','{\"email\": \"nuevo1@correo.com\"}','2026-02-16 06:54:27'),(268,3,NULL,NULL,'acceso_ruta_protegida','{\"ruta\": \"/api/marcas\", \"metodo\": \"GET\"}','2026-02-16 06:54:27'),(269,3,NULL,NULL,'acceso_ruta_protegida','{\"ruta\": \"/api/distribuidoras?marca=Seat\", \"metodo\": \"GET\"}','2026-02-16 06:54:30'),(270,3,NULL,NULL,'acceso_ruta_protegida','{\"ruta\": \"/api/reporte\", \"metodo\": \"POST\"}','2026-02-16 06:54:39'),(271,3,NULL,NULL,'login','{\"email\": \"nuevo1@correo.com\"}','2026-02-16 06:56:21'),(272,3,NULL,NULL,'acceso_ruta_protegida','{\"ruta\": \"/api/marcas\", \"metodo\": \"GET\"}','2026-02-16 06:56:21'),(273,4,NULL,NULL,'login','{\"email\": \"test@correo.com\"}','2026-02-16 07:03:47'),(274,4,NULL,NULL,'login','{\"email\": \"test@correo.com\"}','2026-02-16 07:04:50'),(275,3,NULL,NULL,'login','{\"email\": \"nuevo1@correo.com\"}','2026-02-16 07:05:17'),(276,3,NULL,NULL,'acceso_ruta_protegida','{\"ruta\": \"/api/marcas\", \"metodo\": \"GET\"}','2026-02-16 07:05:17'),(277,3,NULL,NULL,'acceso_ruta_protegida','{\"ruta\": \"/api/distribuidoras?marca=Seat\", \"metodo\": \"GET\"}','2026-02-16 07:05:27'),(278,3,NULL,NULL,'acceso_ruta_protegida','{\"ruta\": \"/api/reporte\", \"metodo\": \"POST\"}','2026-02-16 07:05:36'),(279,3,NULL,NULL,'login','{\"email\": \"nuevo1@correo.com\"}','2026-02-16 07:10:15'),(280,3,NULL,NULL,'acceso_ruta_protegida','{\"ruta\": \"/api/marcas\", \"metodo\": \"GET\"}','2026-02-16 07:10:15'),(281,3,NULL,NULL,'acceso_ruta_protegida','{\"ruta\": \"/api/distribuidoras?marca=Seat\", \"metodo\": \"GET\"}','2026-02-16 07:10:20'),(282,3,NULL,NULL,'acceso_ruta_protegida','{\"ruta\": \"/api/reporte\", \"metodo\": \"POST\"}','2026-02-16 07:10:28'),(283,3,NULL,NULL,'login','{\"email\": \"nuevo1@correo.com\"}','2026-02-16 07:17:25'),(284,3,NULL,NULL,'login','{\"email\": \"nuevo1@correo.com\"}','2026-02-16 07:17:27'),(285,3,NULL,NULL,'login','{\"email\": \"nuevo1@correo.com\"}','2026-02-16 07:17:29'),(286,3,NULL,NULL,'login','{\"email\": \"nuevo1@correo.com\"}','2026-02-16 07:17:30'),(287,3,NULL,NULL,'login','{\"email\": \"nuevo1@correo.com\"}','2026-02-16 07:17:39'),(288,3,NULL,NULL,'login','{\"email\": \"nuevo1@correo.com\"}','2026-02-16 07:19:58'),(289,3,NULL,NULL,'login','{\"email\": \"nuevo1@correo.com\"}','2026-02-16 07:20:01'),(290,3,NULL,NULL,'login','{\"email\": \"nuevo1@correo.com\"}','2026-02-16 07:20:02'),(291,3,NULL,NULL,'login','{\"email\": \"nuevo1@correo.com\"}','2026-02-16 07:20:02'),(292,3,NULL,NULL,'login','{\"email\": \"nuevo1@correo.com\"}','2026-02-16 07:20:02'),(293,3,NULL,NULL,'login','{\"email\": \"nuevo1@correo.com\"}','2026-02-16 07:20:03'),(294,3,NULL,NULL,'login','{\"email\": \"nuevo1@correo.com\"}','2026-02-16 07:20:08'),(295,3,NULL,NULL,'login','{\"email\": \"nuevo1@correo.com\"}','2026-02-16 07:20:22'),(296,3,NULL,NULL,'login','{\"email\": \"nuevo1@correo.com\"}','2026-02-16 07:30:27'),(297,3,NULL,NULL,'login','{\"email\": \"nuevo1@correo.com\"}','2026-02-16 07:30:28'),(298,3,NULL,NULL,'login','{\"email\": \"nuevo1@correo.com\"}','2026-02-16 07:30:44'),(299,3,NULL,NULL,'login','{\"email\": \"nuevo1@correo.com\"}','2026-02-16 07:32:15'),(300,3,NULL,NULL,'login','{\"email\": \"nuevo1@correo.com\"}','2026-02-16 07:33:43'),(301,3,NULL,NULL,'login','{\"email\": \"nuevo1@correo.com\"}','2026-02-16 07:33:45'),(302,3,NULL,NULL,'login','{\"email\": \"nuevo1@correo.com\"}','2026-02-16 07:33:46'),(303,3,NULL,NULL,'login','{\"email\": \"nuevo1@correo.com\"}','2026-02-16 07:33:46'),(304,3,NULL,NULL,'login','{\"email\": \"nuevo1@correo.com\"}','2026-02-16 07:33:47'),(305,3,NULL,NULL,'login','{\"email\": \"nuevo1@correo.com\"}','2026-02-16 07:33:48'),(306,3,NULL,NULL,'login','{\"email\": \"nuevo1@correo.com\"}','2026-02-16 07:34:02'),(307,3,NULL,NULL,'login','{\"email\": \"nuevo1@correo.com\"}','2026-02-16 07:34:55'),(308,3,NULL,NULL,'login','{\"email\": \"nuevo1@correo.com\"}','2026-02-16 07:34:57'),(309,3,NULL,NULL,'login','{\"email\": \"nuevo1@correo.com\"}','2026-02-16 07:34:57'),(310,3,NULL,NULL,'login','{\"email\": \"nuevo1@correo.com\"}','2026-02-16 07:34:58'),(311,3,NULL,NULL,'login','{\"email\": \"nuevo1@correo.com\"}','2026-02-16 07:35:02'),(312,3,NULL,NULL,'login','{\"email\": \"nuevo1@correo.com\"}','2026-02-16 07:35:02'),(313,3,NULL,NULL,'login','{\"email\": \"nuevo1@correo.com\"}','2026-02-16 07:35:03'),(314,3,NULL,NULL,'login','{\"email\": \"nuevo1@correo.com\"}','2026-02-16 07:35:04'),(315,3,NULL,NULL,'login','{\"email\": \"nuevo1@correo.com\"}','2026-02-16 07:35:04'),(316,3,NULL,NULL,'login','{\"email\": \"nuevo1@correo.com\"}','2026-02-16 07:35:05'),(317,3,NULL,NULL,'login','{\"email\": \"nuevo1@correo.com\"}','2026-02-16 07:43:11'),(318,3,NULL,NULL,'acceso_ruta_protegida','{\"ruta\": \"/api/marcas\", \"metodo\": \"GET\"}','2026-02-16 07:43:11'),(319,3,NULL,NULL,'login','{\"email\": \"nuevo1@correo.com\"}','2026-02-16 07:53:08'),(320,3,NULL,NULL,'acceso_ruta_protegida','{\"ruta\": \"/api/marcas\", \"metodo\": \"GET\"}','2026-02-16 07:53:09'),(321,3,NULL,NULL,'login','{\"email\": \"nuevo1@correo.com\"}','2026-02-16 07:59:04'),(322,3,NULL,NULL,'acceso_ruta_protegida','{\"ruta\": \"/api/marcas\", \"metodo\": \"GET\"}','2026-02-16 07:59:04'),(323,3,NULL,NULL,'login','{\"email\": \"nuevo1@correo.com\"}','2026-02-16 07:59:10'),(324,3,NULL,NULL,'acceso_ruta_protegida','{\"ruta\": \"/api/marcas\", \"metodo\": \"GET\"}','2026-02-16 07:59:10'),(325,3,NULL,NULL,'login','{\"email\": \"nuevo1@correo.com\"}','2026-02-16 08:01:15'),(326,3,NULL,NULL,'acceso_ruta_protegida','{\"ruta\": \"/api/marcas\", \"metodo\": \"GET\"}','2026-02-16 08:01:15'),(327,3,NULL,NULL,'login','{\"email\": \"nuevo1@correo.com\"}','2026-02-16 08:01:19'),(328,3,NULL,NULL,'acceso_ruta_protegida','{\"ruta\": \"/api/marcas\", \"metodo\": \"GET\"}','2026-02-16 08:01:19'),(329,3,NULL,NULL,'login','{\"email\": \"nuevo1@correo.com\"}','2026-02-16 08:01:21'),(330,3,NULL,NULL,'acceso_ruta_protegida','{\"ruta\": \"/api/marcas\", \"metodo\": \"GET\"}','2026-02-16 08:01:21'),(331,3,NULL,NULL,'login','{\"email\": \"nuevo1@correo.com\"}','2026-02-16 08:01:27'),(332,3,NULL,NULL,'acceso_ruta_protegida','{\"ruta\": \"/api/marcas\", \"metodo\": \"GET\"}','2026-02-16 08:01:27'),(333,3,NULL,NULL,'login','{\"email\": \"nuevo1@correo.com\"}','2026-02-17 22:07:16'),(334,3,NULL,NULL,'acceso_ruta_protegida','{\"ruta\": \"/api/marcas\", \"metodo\": \"GET\"}','2026-02-17 22:07:16'),(335,3,NULL,NULL,'acceso_ruta_protegida','{\"ruta\": \"/api/distribuidoras?marca=Seat\", \"metodo\": \"GET\"}','2026-02-17 22:07:20'),(336,3,NULL,NULL,'acceso_ruta_protegida','{\"ruta\": \"/api/reporte\", \"metodo\": \"POST\"}','2026-02-17 22:07:37'),(337,3,'Seat','5556','crear_reporte','{\"marca\": \"Seat\", \"distribuidoras\": [\"5556\"]}','2026-02-17 22:08:58'),(338,3,NULL,NULL,'login','{\"email\": \"nuevo1@correo.com\"}','2026-02-17 22:11:30'),(339,3,NULL,NULL,'acceso_ruta_protegida','{\"ruta\": \"/api/marcas\", \"metodo\": \"GET\"}','2026-02-17 22:11:30'),(340,3,NULL,NULL,'acceso_ruta_protegida','{\"ruta\": \"/api/distribuidoras?marca=Seat\", \"metodo\": \"GET\"}','2026-02-17 22:11:34'),(341,3,NULL,NULL,'acceso_ruta_protegida','{\"ruta\": \"/api/reporte\", \"metodo\": \"POST\"}','2026-02-17 22:11:46'),(342,3,'Seat','5514','crear_reporte','{\"marca\": \"Seat\", \"distribuidoras\": [\"5514\"]}','2026-02-17 22:14:13'),(343,3,NULL,NULL,'login','{\"email\": \"nuevo1@correo.com\"}','2026-02-18 00:03:01'),(344,3,NULL,NULL,'acceso_ruta_protegida','{\"ruta\": \"/api/marcas\", \"metodo\": \"GET\"}','2026-02-18 00:03:01'),(345,3,NULL,NULL,'acceso_ruta_protegida','{\"ruta\": \"/api/distribuidoras?marca=Seat\", \"metodo\": \"GET\"}','2026-02-18 00:03:05'),(346,3,NULL,NULL,'acceso_ruta_protegida','{\"ruta\": \"/api/reporte\", \"metodo\": \"POST\"}','2026-02-18 00:03:27'),(347,3,'Seat','5514','crear_reporte','{\"marca\": \"Seat\", \"distribuidoras\": [\"5514\"]}','2026-02-18 00:05:46'),(348,3,NULL,NULL,'login','{\"email\": \"nuevo1@correo.com\"}','2026-02-18 03:02:13'),(349,3,NULL,NULL,'acceso_ruta_protegida','{\"ruta\": \"/api/marcas\", \"metodo\": \"GET\"}','2026-02-18 03:02:13'),(350,3,NULL,NULL,'acceso_ruta_protegida','{\"ruta\": \"/api/distribuidoras?marca=Seat\", \"metodo\": \"GET\"}','2026-02-18 03:02:15'),(351,3,NULL,NULL,'acceso_ruta_protegida','{\"ruta\": \"/api/reporte\", \"metodo\": \"POST\"}','2026-02-18 03:02:32'),(352,3,'Seat','5514','crear_reporte','{\"marca\": \"Seat\", \"distribuidoras\": [\"5514\"]}','2026-02-18 03:04:36'),(353,3,NULL,NULL,'login','{\"email\": \"nuevo1@correo.com\"}','2026-02-18 03:05:33'),(354,3,NULL,NULL,'acceso_ruta_protegida','{\"ruta\": \"/api/marcas\", \"metodo\": \"GET\"}','2026-02-18 03:05:33'),(355,3,NULL,NULL,'acceso_ruta_protegida','{\"ruta\": \"/api/distribuidoras?marca=Seat\", \"metodo\": \"GET\"}','2026-02-18 03:05:37'),(356,3,NULL,NULL,'acceso_ruta_protegida','{\"ruta\": \"/api/reporte\", \"metodo\": \"POST\"}','2026-02-18 03:05:43'),(357,3,NULL,NULL,'acceso_ruta_protegida','{\"ruta\": \"/api/marcas\", \"metodo\": \"GET\"}','2026-02-18 03:05:56'),(358,3,NULL,NULL,'login','{\"email\": \"nuevo1@correo.com\"}','2026-02-18 03:06:04'),(359,3,NULL,NULL,'acceso_ruta_protegida','{\"ruta\": \"/api/marcas\", \"metodo\": \"GET\"}','2026-02-18 03:06:04'),(360,3,NULL,NULL,'acceso_ruta_protegida','{\"ruta\": \"/api/distribuidoras?marca=Seat\", \"metodo\": \"GET\"}','2026-02-18 03:06:08'),(361,3,NULL,NULL,'acceso_ruta_protegida','{\"ruta\": \"/api/reporte\", \"metodo\": \"POST\"}','2026-02-18 03:06:17'),(362,3,'Seat','5514','crear_reporte','{\"marca\": \"Seat\", \"distribuidoras\": [\"5514\"]}','2026-02-18 03:08:44'),(363,3,NULL,NULL,'login','{\"email\": \"nuevo1@correo.com\"}','2026-02-18 03:16:17'),(364,3,NULL,NULL,'acceso_ruta_protegida','{\"ruta\": \"/api/marcas\", \"metodo\": \"GET\"}','2026-02-18 03:16:17'),(365,3,NULL,NULL,'acceso_ruta_protegida','{\"ruta\": \"/api/distribuidoras?marca=Seat\", \"metodo\": \"GET\"}','2026-02-18 03:16:21'),(366,3,NULL,NULL,'acceso_ruta_protegida','{\"ruta\": \"/api/reporte\", \"metodo\": \"POST\"}','2026-02-18 03:16:38'),(367,3,'Seat','5514','crear_reporte','{\"marca\": \"Seat\", \"distribuidoras\": [\"5514\"]}','2026-02-18 03:19:03'),(368,3,NULL,NULL,'login','{\"email\": \"nuevo1@correo.com\"}','2026-02-18 03:21:12'),(369,3,NULL,NULL,'acceso_ruta_protegida','{\"ruta\": \"/api/marcas\", \"metodo\": \"GET\"}','2026-02-18 03:21:12'),(370,3,NULL,NULL,'acceso_ruta_protegida','{\"ruta\": \"/api/distribuidoras?marca=Seat\", \"metodo\": \"GET\"}','2026-02-18 03:21:22'),(371,4,NULL,NULL,'login','{\"email\": \"test@correo.com\"}','2026-02-18 03:40:28'),(372,4,NULL,NULL,'acceso_ruta_protegida','{\"ruta\": \"/api/reporte\", \"metodo\": \"POST\"}','2026-02-18 03:40:37'),(373,4,'Seat','5556','crear_reporte','{\"marca\": \"Seat\", \"distribuidoras\": [\"5556\"]}','2026-02-18 03:41:59'),(374,3,NULL,NULL,'login','{\"email\": \"nuevo1@correo.com\"}','2026-02-18 03:51:21'),(375,3,NULL,NULL,'acceso_ruta_protegida','{\"ruta\": \"/api/marcas\", \"metodo\": \"GET\"}','2026-02-18 03:51:22'),(376,3,NULL,NULL,'acceso_ruta_protegida','{\"ruta\": \"/api/distribuidoras?marca=Seat\", \"metodo\": \"GET\"}','2026-02-18 03:51:26'),(377,3,NULL,NULL,'acceso_ruta_protegida','{\"ruta\": \"/api/reporte\", \"metodo\": \"POST\"}','2026-02-18 03:51:37'),(378,3,'Seat','5572','crear_reporte','{\"marca\": \"Seat\", \"distribuidoras\": [\"5572\"]}','2026-02-18 03:54:02'),(379,3,NULL,NULL,'login','{\"email\": \"nuevo1@correo.com\"}','2026-02-18 22:13:03'),(380,3,NULL,NULL,'acceso_ruta_protegida','{\"ruta\": \"/api/marcas\", \"metodo\": \"GET\"}','2026-02-18 22:13:03'),(381,3,NULL,NULL,'login','{\"email\": \"nuevo1@correo.com\"}','2026-02-18 22:14:00'),(382,3,NULL,NULL,'acceso_ruta_protegida','{\"ruta\": \"/api/marcas\", \"metodo\": \"GET\"}','2026-02-18 22:14:00'),(383,3,NULL,NULL,'login','{\"email\": \"nuevo1@correo.com\"}','2026-02-18 22:17:04'),(384,3,NULL,NULL,'acceso_ruta_protegida','{\"ruta\": \"/api/marcas\", \"metodo\": \"GET\"}','2026-02-18 22:17:04'),(385,3,NULL,NULL,'acceso_ruta_protegida','{\"ruta\": \"/api/distribuidoras?marca=Ford\", \"metodo\": \"GET\"}','2026-02-18 22:17:08'),(386,3,NULL,NULL,'acceso_ruta_protegida','{\"ruta\": \"/api/distribuidoras?marca=Ford\", \"metodo\": \"GET\"}','2026-02-18 22:17:30'),(387,3,NULL,NULL,'acceso_ruta_protegida','{\"ruta\": \"/api/reporte\", \"metodo\": \"POST\"}','2026-02-18 22:17:50'),(388,3,'Ford','6716','crear_reporte','{\"marca\": \"Ford\", \"distribuidoras\": [\"6716\"]}','2026-02-18 22:18:24'),(389,3,NULL,NULL,'login','{\"email\": \"nuevo1@correo.com\"}','2026-02-18 22:19:37'),(390,3,NULL,NULL,'acceso_ruta_protegida','{\"ruta\": \"/api/marcas\", \"metodo\": \"GET\"}','2026-02-18 22:19:37'),(391,3,NULL,NULL,'acceso_ruta_protegida','{\"ruta\": \"/api/distribuidoras?marca=Ford\", \"metodo\": \"GET\"}','2026-02-18 22:19:41'),(392,3,NULL,NULL,'acceso_ruta_protegida','{\"ruta\": \"/api/reporte\", \"metodo\": \"POST\"}','2026-02-18 22:19:49'),(393,3,'Ford','6518','crear_reporte','{\"marca\": \"Ford\", \"distribuidoras\": [\"6518\"]}','2026-02-18 22:24:15'),(394,3,NULL,NULL,'login','{\"email\": \"nuevo1@correo.com\"}','2026-02-18 22:27:27'),(395,3,NULL,NULL,'acceso_ruta_protegida','{\"ruta\": \"/api/marcas\", \"metodo\": \"GET\"}','2026-02-18 22:27:27'),(396,3,NULL,NULL,'acceso_ruta_protegida','{\"ruta\": \"/api/reporte/mis-reportes\", \"metodo\": \"GET\"}','2026-02-18 22:27:28'),(397,3,NULL,NULL,'ver_mis_reportes','{\"reportes\": [{\"id\": 25, \"marca\": \"Ford\", \"fileUrl\": \"http://localhost:3000/storage/Resultados/Ford-ValidacionesPrincipales/Reporte/Reporte_2026-02-18_22-24-15.xlsx\", \"created_at\": \"2026-02-18T22:24:15.000Z\", \"distribuidoras\": [{\"id\": 6518, \"url\": \"www.fordandrade.mx\", \"name\": \"Ford Andrade La Viga\"}]}, {\"id\": 24, \"marca\": \"Ford\", \"fileUrl\": \"http://localhost:3000/storage/Resultados/Ford-ValidacionesPrincipales/Reporte/Reporte_2026-02-18_22-18-24.xlsx\", \"created_at\": \"2026-02-18T22:18:24.000Z\", \"distribuidoras\": [{\"id\": 6716, \"url\": \"www.fordamericas.mx\", \"name\": \"Ford Americas\"}]}, {\"id\": 23, \"marca\": \"Seat\", \"fileUrl\": \"http://localhost:3000/storage/Resultados/Seat-ValidacionesPrincipales/Reporte/Reporte_2026-02-18_03-54-02.xlsx\", \"created_at\": \"2026-02-18T03:54:02.000Z\", \"distribuidoras\": [{\"id\": 5572, \"url\": \"seat-lomasverdes.mx\", \"name\": \"SEAT Lomas Verdes\"}]}, {\"id\": 21, \"marca\": \"Seat\", \"fileUrl\": \"http://localhost:3000/storage/Resultados/Seat-ValidacionesPrincipales/Reporte/Reporte_2026-02-18_03-19-03.xlsx\", \"created_at\": \"2026-02-18T03:19:03.000Z\", \"distribuidoras\": [{\"id\": 5514, \"url\": \"www.seat-lavilla.com.mx\", \"name\": \"SEAT LA VILLA\"}]}, {\"id\": 20, \"marca\": \"Seat\", \"fileUrl\": \"http://localhost:3000/storage/Resultados/Seat-ValidacionesPrincipales/Reporte/Reporte_2026-02-18_03-08-44.xlsx\", \"created_at\": \"2026-02-18T03:08:44.000Z\", \"distribuidoras\": [{\"id\": 5514, \"url\": \"www.seat-lavilla.com.mx\", \"name\": \"SEAT LA VILLA\"}]}, {\"id\": 19, \"marca\": \"Seat\", \"fileUrl\": \"http://localhost:3000/storage/Resultados/Seat-ValidacionesPrincipales/Reporte/Reporte_2026-02-18_03-04-36.xlsx\", \"created_at\": \"2026-02-18T03:04:36.000Z\", \"distribuidoras\": [{\"id\": 5514, \"url\": \"www.seat-lavilla.com.mx\", \"name\": \"SEAT LA VILLA\"}]}, {\"id\": 18, \"marca\": \"Seat\", \"fileUrl\": \"http://localhost:3000/storage/Resultados/Seat-ValidacionesPrincipales/Reporte/Reporte_2026-02-18_00-05-46.xlsx\", \"created_at\": \"2026-02-18T00:05:46.000Z\", \"distribuidoras\": [{\"id\": 5514, \"url\": \"www.seat-lavilla.com.mx\", \"name\": \"SEAT LA VILLA\"}]}, {\"id\": 17, \"marca\": \"Seat\", \"fileUrl\": \"http://localhost:3000/storage/Resultados/Seat-ValidacionesPrincipales/Reporte/Reporte_2026-02-17_22-14-13.xlsx\", \"created_at\": \"2026-02-17T22:14:13.000Z\", \"distribuidoras\": [{\"id\": 5514, \"url\": \"www.seat-lavilla.com.mx\", \"name\": \"SEAT LA VILLA\"}]}, {\"id\": 16, \"marca\": \"Seat\", \"fileUrl\": \"http://localhost:3000/storage/Resultados/Seat-ValidacionesPrincipales/Reporte/Reporte_2026-02-17_22-08-58.xlsx\", \"created_at\": \"2026-02-17T22:08:58.000Z\", \"distribuidoras\": [{\"id\": 5556, \"url\": \"seat-agricola.com.mx\", \"name\": \"SEAT AGRÍCOLA\"}]}, {\"id\": 15, \"marca\": \"Seat\", \"fileUrl\": \"http://localhost:3000/storage/Resultados/Seat-ValidacionesPrincipales/Reporte/Reporte_2026-02-16_05-10-17.xlsx\", \"created_at\": \"2026-02-16T05:10:17.000Z\", \"distribuidoras\": [{\"id\": 5530, \"url\": \"www.autoforum.com.mx\", \"name\": \"SEAT AUTOFÓRUM\"}]}, {\"id\": 14, \"marca\": \"Seat\", \"fileUrl\": \"http://localhost:3000/storage/Resultados/Seat-ValidacionesPrincipales/Reporte/Reporte_2026-02-16_04-17-24.xlsx\", \"created_at\": \"2026-02-16T04:17:24.000Z\", \"distribuidoras\": [{\"id\": 5532, \"url\": \"www.autoforumtehuacan.com.mx\", \"name\": \"SEAT AUTOFÓRUM TEHUACÁN\"}]}, {\"id\": 13, \"marca\": \"Seat\", \"fileUrl\": \"http://localhost:3000/storage/Resultados/Seat-ValidacionesPrincipales/Reporte/Reporte_2026-02-16_03-34-23.xlsx\", \"created_at\": \"2026-02-16T03:34:24.000Z\", \"distribuidoras\": [{\"id\": 5572, \"url\": \"seat-lomasverdes.mx\", \"name\": \"SEAT Lomas Verdes\"}]}, {\"id\": 12, \"marca\": \"Seat\", \"fileUrl\": \"http://localhost:3000/storage/Resultados/Seat-ValidacionesPrincipales/Reporte/Reporte_2026-02-16_00-30-56.xlsx\", \"created_at\": \"2026-02-16T00:30:56.000Z\", \"distribuidoras\": [{\"id\": 5572, \"url\": \"seat-lomasverdes.mx\", \"name\": \"SEAT Lomas Verdes\"}]}, {\"id\": 11, \"marca\": \"Seat\", \"fileUrl\": \"http://localhost:3000/storage/Resultados/Seat-ValidacionesPrincipales/Reporte/Reporte_2026-02-16_00-26-51.xlsx\", \"created_at\": \"2026-02-16T00:26:51.000Z\", \"distribuidoras\": [{\"id\": 5532, \"url\": \"www.autoforumtehuacan.com.mx\", \"name\": \"SEAT AUTOFÓRUM TEHUACÁN\"}]}, {\"id\": 9, \"marca\": \"Seat\", \"fileUrl\": \"http://localhost:3000/storage/Resultados/Seat-ValidacionesPrincipales/Reporte/Reporte_2026-02-16_00-08-42.xlsx\", \"created_at\": \"2026-02-16T00:08:42.000Z\", \"distribuidoras\": [{\"id\": 5556, \"url\": \"seat-agricola.com.mx\", \"name\": \"SEAT AGRÍCOLA\"}]}, {\"id\": 8, \"marca\": \"Seat\", \"fileUrl\": \"http://localhost:3000/storage/Resultados/Seat-ValidacionesPrincipales/Reporte/Reporte_2026-02-15_23-51-58.xlsx\", \"created_at\": \"2026-02-15T23:51:58.000Z\", \"distribuidoras\": [{\"id\": 5556, \"url\": \"seat-agricola.com.mx\", \"name\": \"SEAT AGRÍCOLA\"}]}, {\"id\": 7, \"marca\": \"Seat\", \"fileUrl\": \"http://localhost:3000/storage/Resultados/Seat-ValidacionesPrincipales/Reporte/Reporte_2026-02-15_23-45-16.xlsx\", \"created_at\": \"2026-02-15T23:45:16.000Z\", \"distribuidoras\": [{\"id\": 5564, \"url\": \"seat-aguaazul.com.mx\", \"name\": \"SEAT AGUA AZUL GUADALAJARA\"}]}, {\"id\": 6, \"marca\": \"Seat\", \"fileUrl\": \"http://localhost:3000/storage/Resultados/Seat-ValidacionesPrincipales/Reporte/Reporte_2026-02-15_00-24-09.xlsx\", \"created_at\": \"2026-02-15T00:24:09.000Z\", \"distribuidoras\": [{\"id\": 5556, \"url\": \"seat-agricola.com.mx\", \"name\": \"SEAT AGRÍCOLA\"}]}, {\"id\": 5, \"marca\": \"Seat\", \"fileUrl\": \"http://localhost:3000/storage/Resultados/Seat-ValidacionesPrincipales/Reporte/Reporte_2026-02-15_00-03-54.xlsx\", \"created_at\": \"2026-02-15T00:03:54.000Z\", \"distribuidoras\": [{\"id\": 5553, \"url\": \"#\", \"name\": \"Desconocida\"}]}, {\"id\": 4, \"marca\": \"Seat\", \"fileUrl\": \"http://localhost:3000/storage/Resultados/Seat-ValidacionesPrincipales/Reporte/Reporte_2026-02-14_23-29-41.xlsx\", \"created_at\": \"2026-02-14T23:29:41.000Z\", \"distribuidoras\": [{\"id\": 5565, \"url\": \"#\", \"name\": \"Desconocida\"}]}, {\"id\": 3, \"marca\": \"Seat\", \"fileUrl\": \"http://localhost:3000/storage/Resultados/Seat-ValidacionesPrincipales/Reporte/Reporte_2026-01-18_06-49-06.xlsx\", \"created_at\": \"2026-01-18T06:49:07.000Z\", \"distribuidoras\": [{\"id\": 5553, \"url\": \"#\", \"name\": \"Desconocida\"}]}, {\"id\": 2, \"marca\": \"Seat\", \"fileUrl\": \"http://localhost:3000/storage/Resultados/Seat-ValidacionesPrincipales/Reporte/Reporte_2026-01-16_21-21-58.xlsx\", \"created_at\": \"2026-01-16T21:21:58.000Z\", \"distribuidoras\": [{\"id\": 5564, \"url\": \"seat-aguaazul.com.mx\", \"name\": \"SEAT AGUA AZUL GUADALAJARA\"}]}]}','2026-02-18 22:27:28'),(398,3,NULL,NULL,'login','{\"email\": \"nuevo1@correo.com\"}','2026-02-18 22:33:29'),(399,3,NULL,NULL,'acceso_ruta_protegida','{\"ruta\": \"/api/marcas\", \"metodo\": \"GET\"}','2026-02-18 22:33:29'),(400,4,NULL,NULL,'login','{\"email\": \"test@correo.com\"}','2026-02-18 22:57:54'),(401,3,NULL,NULL,'login','{\"email\": \"nuevo1@correo.com\"}','2026-02-20 23:41:49'),(402,3,NULL,NULL,'acceso_ruta_protegida','{\"ruta\": \"/api/marcas\", \"metodo\": \"GET\"}','2026-02-20 23:41:49'),(403,3,NULL,NULL,'login','{\"email\": \"nuevo1@correo.com\"}','2026-02-20 23:43:25'),(404,3,NULL,NULL,'acceso_ruta_protegida','{\"ruta\": \"/api/marcas\", \"metodo\": \"GET\"}','2026-02-20 23:43:36'),(405,3,NULL,NULL,'acceso_ruta_protegida','{\"ruta\": \"/api/distribuidoras?marca=Seat\", \"metodo\": \"GET\"}','2026-02-20 23:44:01'),(406,3,NULL,NULL,'login','{\"email\": \"nuevo1@correo.com\"}','2026-02-20 23:56:29'),(407,3,NULL,NULL,'acceso_ruta_protegida','{\"ruta\": \"/api/marcas\", \"metodo\": \"GET\"}','2026-02-20 23:56:29'),(408,3,NULL,NULL,'acceso_ruta_protegida','{\"ruta\": \"/api/distribuidoras?marca=Seat\", \"metodo\": \"GET\"}','2026-02-20 23:56:35'),(409,3,NULL,NULL,'acceso_ruta_protegida','{\"ruta\": \"/api/marcas\", \"metodo\": \"GET\"}','2026-02-20 23:57:22'),(410,3,NULL,NULL,'login','{\"email\": \"nuevo1@correo.com\"}','2026-02-20 23:57:35'),(411,3,NULL,NULL,'acceso_ruta_protegida','{\"ruta\": \"/api/marcas\", \"metodo\": \"GET\"}','2026-02-20 23:57:35'),(412,3,NULL,NULL,'acceso_ruta_protegida','{\"ruta\": \"/api/distribuidoras?marca=Seat\", \"metodo\": \"GET\"}','2026-02-20 23:57:39'),(413,3,NULL,NULL,'login','{\"email\": \"nuevo1@correo.com\"}','2026-02-20 23:59:12'),(414,3,NULL,NULL,'acceso_ruta_protegida','{\"ruta\": \"/api/marcas\", \"metodo\": \"GET\"}','2026-02-20 23:59:12'),(415,3,NULL,NULL,'acceso_ruta_protegida','{\"ruta\": \"/api/distribuidoras?marca=Seat\", \"metodo\": \"GET\"}','2026-02-20 23:59:16'),(416,3,NULL,NULL,'login','{\"email\": \"nuevo1@correo.com\"}','2026-02-21 00:01:12'),(417,3,NULL,NULL,'acceso_ruta_protegida','{\"ruta\": \"/api/marcas\", \"metodo\": \"GET\"}','2026-02-21 00:01:12'),(418,3,NULL,NULL,'acceso_ruta_protegida','{\"ruta\": \"/api/distribuidoras?marca=Seat\", \"metodo\": \"GET\"}','2026-02-21 00:01:16'),(419,3,NULL,NULL,'acceso_ruta_protegida','{\"ruta\": \"/api/reporte\", \"metodo\": \"POST\"}','2026-02-21 00:01:27'),(420,3,NULL,NULL,'login','{\"email\": \"nuevo1@correo.com\"}','2026-02-21 00:02:34'),(421,3,NULL,NULL,'acceso_ruta_protegida','{\"ruta\": \"/api/marcas\", \"metodo\": \"GET\"}','2026-02-21 00:02:34'),(422,3,NULL,NULL,'acceso_ruta_protegida','{\"ruta\": \"/api/distribuidoras?marca=Seat\", \"metodo\": \"GET\"}','2026-02-21 00:02:45'),(423,3,NULL,NULL,'acceso_ruta_protegida','{\"ruta\": \"/api/reporte\", \"metodo\": \"POST\"}','2026-02-21 00:02:54'),(424,3,NULL,NULL,'login','{\"email\": \"nuevo1@correo.com\"}','2026-02-21 00:06:30'),(425,3,NULL,NULL,'acceso_ruta_protegida','{\"ruta\": \"/api/marcas\", \"metodo\": \"GET\"}','2026-02-21 00:06:30'),(426,3,NULL,NULL,'acceso_ruta_protegida','{\"ruta\": \"/api/distribuidoras?marca=Seat\", \"metodo\": \"GET\"}','2026-02-21 00:06:35'),(427,3,NULL,NULL,'acceso_ruta_protegida','{\"ruta\": \"/api/reporte\", \"metodo\": \"POST\"}','2026-02-21 00:06:45'),(428,3,'Seat','5514','crear_reporte','{\"marca\": \"Seat\", \"distribuidoras\": [\"5514\"]}','2026-02-21 00:09:13'),(429,3,NULL,NULL,'login','{\"email\": \"nuevo1@correo.com\"}','2026-02-21 00:16:29'),(430,3,NULL,NULL,'acceso_ruta_protegida','{\"ruta\": \"/api/marcas\", \"metodo\": \"GET\"}','2026-02-21 00:16:29'),(431,3,NULL,NULL,'acceso_ruta_protegida','{\"ruta\": \"/api/distribuidoras?marca=Seat\", \"metodo\": \"GET\"}','2026-02-21 00:16:37'),(432,3,NULL,NULL,'acceso_ruta_protegida','{\"ruta\": \"/api/reporte\", \"metodo\": \"POST\"}','2026-02-21 00:17:00'),(433,3,'Seat','5572','crear_reporte','{\"marca\": \"Seat\", \"distribuidoras\": [\"5572\"]}','2026-02-21 00:19:15'),(434,3,NULL,NULL,'login','{\"email\": \"nuevo1@correo.com\"}','2026-02-21 00:49:20'),(435,3,NULL,NULL,'acceso_ruta_protegida','{\"ruta\": \"/api/marcas\", \"metodo\": \"GET\"}','2026-02-21 00:49:20'),(436,3,NULL,NULL,'acceso_ruta_protegida','{\"ruta\": \"/api/distribuidoras?marca=Seat\", \"metodo\": \"GET\"}','2026-02-21 00:49:24'),(437,3,NULL,NULL,'acceso_ruta_protegida','{\"ruta\": \"/api/reporte\", \"metodo\": \"POST\"}','2026-02-21 00:49:36'),(438,3,'Seat','5514','crear_reporte','{\"marca\": \"Seat\", \"distribuidoras\": [\"5514\"]}','2026-02-21 00:51:54'),(439,3,NULL,NULL,'login','{\"email\": \"nuevo1@correo.com\"}','2026-02-21 01:02:08'),(440,3,NULL,NULL,'acceso_ruta_protegida','{\"ruta\": \"/api/marcas\", \"metodo\": \"GET\"}','2026-02-21 01:02:08'),(441,3,NULL,NULL,'acceso_ruta_protegida','{\"ruta\": \"/api/distribuidoras?marca=Seat\", \"metodo\": \"GET\"}','2026-02-21 01:02:11'),(442,3,NULL,NULL,'acceso_ruta_protegida','{\"ruta\": \"/api/reporte\", \"metodo\": \"POST\"}','2026-02-21 01:02:38'),(443,3,NULL,NULL,'login','{\"email\": \"nuevo1@correo.com\"}','2026-02-21 01:03:27'),(444,3,NULL,NULL,'acceso_ruta_protegida','{\"ruta\": \"/api/marcas\", \"metodo\": \"GET\"}','2026-02-21 01:03:27'),(445,3,NULL,NULL,'login','{\"email\": \"nuevo1@correo.com\"}','2026-02-21 01:03:35'),(446,3,NULL,NULL,'acceso_ruta_protegida','{\"ruta\": \"/api/marcas\", \"metodo\": \"GET\"}','2026-02-21 01:03:35'),(447,3,NULL,NULL,'acceso_ruta_protegida','{\"ruta\": \"/api/distribuidoras?marca=Seat\", \"metodo\": \"GET\"}','2026-02-21 01:03:38'),(448,3,NULL,NULL,'acceso_ruta_protegida','{\"ruta\": \"/api/reporte\", \"metodo\": \"POST\"}','2026-02-21 01:03:48'),(449,3,'Seat','5514','crear_reporte','{\"marca\": \"Seat\", \"distribuidoras\": [\"5514\"]}','2026-02-21 01:06:21'),(450,3,NULL,NULL,'login','{\"email\": \"nuevo1@correo.com\"}','2026-02-21 01:28:19'),(451,3,NULL,NULL,'acceso_ruta_protegida','{\"ruta\": \"/api/marcas\", \"metodo\": \"GET\"}','2026-02-21 01:28:19'),(452,3,NULL,NULL,'acceso_ruta_protegida','{\"ruta\": \"/api/distribuidoras?marca=Seat\", \"metodo\": \"GET\"}','2026-02-21 01:28:22'),(453,3,NULL,NULL,'acceso_ruta_protegida','{\"ruta\": \"/api/reporte\", \"metodo\": \"POST\"}','2026-02-21 01:28:31'),(454,3,'Seat','5514','crear_reporte','{\"marca\": \"Seat\", \"distribuidoras\": [\"5514\"]}','2026-02-21 01:30:53'),(455,3,NULL,NULL,'login','{\"email\": \"nuevo1@correo.com\"}','2026-02-21 01:39:03'),(456,3,NULL,NULL,'acceso_ruta_protegida','{\"ruta\": \"/api/marcas\", \"metodo\": \"GET\"}','2026-02-21 01:39:03'),(457,3,NULL,NULL,'acceso_ruta_protegida','{\"ruta\": \"/api/distribuidoras?marca=Seat\", \"metodo\": \"GET\"}','2026-02-21 01:39:07'),(458,3,NULL,NULL,'acceso_ruta_protegida','{\"ruta\": \"/api/reporte\", \"metodo\": \"POST\"}','2026-02-21 01:39:17'),(459,3,'Seat','5514','crear_reporte','{\"marca\": \"Seat\", \"distribuidoras\": [\"5514\"]}','2026-02-21 01:41:42'),(460,3,NULL,NULL,'login','{\"email\": \"nuevo1@correo.com\"}','2026-02-21 02:09:05'),(461,3,NULL,NULL,'acceso_ruta_protegida','{\"ruta\": \"/api/marcas\", \"metodo\": \"GET\"}','2026-02-21 02:09:05'),(462,3,NULL,NULL,'acceso_ruta_protegida','{\"ruta\": \"/api/distribuidoras?marca=Seat\", \"metodo\": \"GET\"}','2026-02-21 02:09:11'),(463,3,NULL,NULL,'acceso_ruta_protegida','{\"ruta\": \"/api/reporte\", \"metodo\": \"POST\"}','2026-02-21 02:09:21'),(464,3,'Seat','5514','crear_reporte','{\"marca\": \"Seat\", \"distribuidoras\": [\"5514\"]}','2026-02-21 02:11:50'),(465,3,NULL,NULL,'login','{\"email\": \"nuevo1@correo.com\"}','2026-02-21 02:16:41'),(466,3,NULL,NULL,'acceso_ruta_protegida','{\"ruta\": \"/api/marcas\", \"metodo\": \"GET\"}','2026-02-21 02:16:41'),(467,3,NULL,NULL,'acceso_ruta_protegida','{\"ruta\": \"/api/distribuidoras?marca=Seat\", \"metodo\": \"GET\"}','2026-02-21 02:16:44'),(468,3,NULL,NULL,'acceso_ruta_protegida','{\"ruta\": \"/api/reporte\", \"metodo\": \"POST\"}','2026-02-21 02:16:57'),(469,3,NULL,NULL,'login','{\"email\": \"nuevo1@correo.com\"}','2026-02-21 02:32:04'),(470,3,NULL,NULL,'acceso_ruta_protegida','{\"ruta\": \"/api/marcas\", \"metodo\": \"GET\"}','2026-02-21 02:32:04'),(471,3,NULL,NULL,'acceso_ruta_protegida','{\"ruta\": \"/api/distribuidoras?marca=Seat\", \"metodo\": \"GET\"}','2026-02-21 02:32:08'),(472,3,NULL,NULL,'login','{\"email\": \"nuevo1@correo.com\"}','2026-02-21 02:33:21'),(473,3,NULL,NULL,'acceso_ruta_protegida','{\"ruta\": \"/api/marcas\", \"metodo\": \"GET\"}','2026-02-21 02:33:21'),(474,3,NULL,NULL,'acceso_ruta_protegida','{\"ruta\": \"/api/distribuidoras?marca=Seat\", \"metodo\": \"GET\"}','2026-02-21 02:33:32'),(475,3,NULL,NULL,'acceso_ruta_protegida','{\"ruta\": \"/api/reporte\", \"metodo\": \"POST\"}','2026-02-21 02:33:40'),(476,3,NULL,NULL,'acceso_ruta_protegida','{\"ruta\": \"/api/reporte/cancelar/06e14fe5-a865-4a47-ae95-0f22b69b4bae\", \"metodo\": \"POST\"}','2026-02-21 02:33:54'),(477,3,NULL,NULL,'login','{\"email\": \"nuevo1@correo.com\"}','2026-02-21 02:34:38'),(478,3,NULL,NULL,'acceso_ruta_protegida','{\"ruta\": \"/api/marcas\", \"metodo\": \"GET\"}','2026-02-21 02:34:38'),(479,3,NULL,NULL,'acceso_ruta_protegida','{\"ruta\": \"/api/distribuidoras?marca=Seat\", \"metodo\": \"GET\"}','2026-02-21 02:34:42'),(480,3,NULL,NULL,'acceso_ruta_protegida','{\"ruta\": \"/api/reporte\", \"metodo\": \"POST\"}','2026-02-21 02:34:52'),(481,3,NULL,NULL,'acceso_ruta_protegida','{\"ruta\": \"/api/reporte/cancelar/3e78b9d1-c112-41c5-812d-8bbe1bbefb0c\", \"metodo\": \"POST\"}','2026-02-21 02:35:03'),(482,3,NULL,NULL,'login','{\"email\": \"nuevo1@correo.com\"}','2026-02-21 02:44:35'),(483,3,NULL,NULL,'acceso_ruta_protegida','{\"ruta\": \"/api/marcas\", \"metodo\": \"GET\"}','2026-02-21 02:44:35'),(484,3,NULL,NULL,'acceso_ruta_protegida','{\"ruta\": \"/api/distribuidoras?marca=Seat\", \"metodo\": \"GET\"}','2026-02-21 02:44:38'),(485,3,NULL,NULL,'acceso_ruta_protegida','{\"ruta\": \"/api/reporte\", \"metodo\": \"POST\"}','2026-02-21 02:44:52'),(486,3,NULL,NULL,'acceso_ruta_protegida','{\"ruta\": \"/api/reporte/cancelar/fe9618f1-9b2f-41fa-b90f-ba9e51dad97e\", \"metodo\": \"POST\"}','2026-02-21 02:45:02'),(487,3,NULL,NULL,'login','{\"email\": \"nuevo1@correo.com\"}','2026-02-21 02:48:38'),(488,3,NULL,NULL,'acceso_ruta_protegida','{\"ruta\": \"/api/marcas\", \"metodo\": \"GET\"}','2026-02-21 02:48:38'),(489,3,NULL,NULL,'acceso_ruta_protegida','{\"ruta\": \"/api/distribuidoras?marca=Seat\", \"metodo\": \"GET\"}','2026-02-21 02:48:44'),(490,3,NULL,NULL,'acceso_ruta_protegida','{\"ruta\": \"/api/reporte\", \"metodo\": \"POST\"}','2026-02-21 02:48:52'),(491,3,NULL,NULL,'acceso_ruta_protegida','{\"ruta\": \"/api/reporte/cancelar/e6d8a7f5-8da8-470e-8fe0-874514df21c0\", \"metodo\": \"POST\"}','2026-02-21 02:49:08'),(492,3,NULL,NULL,'login','{\"email\": \"nuevo1@correo.com\"}','2026-02-22 02:48:30'),(493,3,NULL,NULL,'acceso_ruta_protegida','{\"ruta\": \"/api/marcas\", \"metodo\": \"GET\"}','2026-02-22 02:48:30'),(494,3,NULL,NULL,'login','{\"email\": \"nuevo1@correo.com\"}','2026-02-22 02:48:36'),(495,3,NULL,NULL,'acceso_ruta_protegida','{\"ruta\": \"/api/marcas\", \"metodo\": \"GET\"}','2026-02-22 02:48:36'),(496,3,NULL,NULL,'login','{\"email\": \"nuevo1@correo.com\"}','2026-02-22 02:48:43'),(497,3,NULL,NULL,'acceso_ruta_protegida','{\"ruta\": \"/api/marcas\", \"metodo\": \"GET\"}','2026-02-22 02:48:43'),(498,3,NULL,NULL,'acceso_ruta_protegida','{\"ruta\": \"/api/reporte/mis-reportes\", \"metodo\": \"GET\"}','2026-02-22 02:48:47'),(499,3,NULL,NULL,'ver_mis_reportes','{\"reportes\": [{\"id\": 32, \"marca\": \"Seat\", \"fileUrl\": \"http://localhost:3000/storage/Resultados/Seat-ValidacionesPrincipales/Reporte/Reporte_2026-02-21_02-11-50.xlsx\", \"created_at\": \"2026-02-21T02:11:50.000Z\", \"distribuidoras\": [{\"id\": 5514, \"url\": \"www.seat-lavilla.com.mx\", \"name\": \"SEAT LA VILLA\"}]}, {\"id\": 31, \"marca\": \"Seat\", \"fileUrl\": \"http://localhost:3000/storage/Resultados/Seat-ValidacionesPrincipales/Reporte/Reporte_2026-02-21_01-41-42.xlsx\", \"created_at\": \"2026-02-21T01:41:42.000Z\", \"distribuidoras\": [{\"id\": 5514, \"url\": \"www.seat-lavilla.com.mx\", \"name\": \"SEAT LA VILLA\"}]}, {\"id\": 30, \"marca\": \"Seat\", \"fileUrl\": \"http://localhost:3000/storage/Resultados/Seat-ValidacionesPrincipales/Reporte/Reporte_2026-02-21_01-30-53.xlsx\", \"created_at\": \"2026-02-21T01:30:53.000Z\", \"distribuidoras\": [{\"id\": 5514, \"url\": \"www.seat-lavilla.com.mx\", \"name\": \"SEAT LA VILLA\"}]}, {\"id\": 29, \"marca\": \"Seat\", \"fileUrl\": \"http://localhost:3000/storage/Resultados/Seat-ValidacionesPrincipales/Reporte/Reporte_2026-02-21_01-06-21.xlsx\", \"created_at\": \"2026-02-21T01:06:21.000Z\", \"distribuidoras\": [{\"id\": 5514, \"url\": \"www.seat-lavilla.com.mx\", \"name\": \"SEAT LA VILLA\"}]}, {\"id\": 28, \"marca\": \"Seat\", \"fileUrl\": \"http://localhost:3000/storage/Resultados/Seat-ValidacionesPrincipales/Reporte/Reporte_2026-02-21_00-51-54.xlsx\", \"created_at\": \"2026-02-21T00:51:54.000Z\", \"distribuidoras\": [{\"id\": 5514, \"url\": \"www.seat-lavilla.com.mx\", \"name\": \"SEAT LA VILLA\"}]}, {\"id\": 27, \"marca\": \"Seat\", \"fileUrl\": \"http://localhost:3000/storage/Resultados/Seat-ValidacionesPrincipales/Reporte/Reporte_2026-02-21_00-19-15.xlsx\", \"created_at\": \"2026-02-21T00:19:15.000Z\", \"distribuidoras\": [{\"id\": 5572, \"url\": \"seat-lomasverdes.mx\", \"name\": \"SEAT Lomas Verdes\"}]}, {\"id\": 26, \"marca\": \"Seat\", \"fileUrl\": \"http://localhost:3000/storage/Resultados/Seat-ValidacionesPrincipales/Reporte/Reporte_2026-02-21_00-09-13.xlsx\", \"created_at\": \"2026-02-21T00:09:13.000Z\", \"distribuidoras\": [{\"id\": 5514, \"url\": \"www.seat-lavilla.com.mx\", \"name\": \"SEAT LA VILLA\"}]}, {\"id\": 25, \"marca\": \"Ford\", \"fileUrl\": \"http://localhost:3000/storage/Resultados/Ford-ValidacionesPrincipales/Reporte/Reporte_2026-02-18_22-24-15.xlsx\", \"created_at\": \"2026-02-18T22:24:15.000Z\", \"distribuidoras\": [{\"id\": 6518, \"url\": \"www.fordandrade.mx\", \"name\": \"Ford Andrade La Viga\"}]}, {\"id\": 24, \"marca\": \"Ford\", \"fileUrl\": \"http://localhost:3000/storage/Resultados/Ford-ValidacionesPrincipales/Reporte/Reporte_2026-02-18_22-18-24.xlsx\", \"created_at\": \"2026-02-18T22:18:24.000Z\", \"distribuidoras\": [{\"id\": 6716, \"url\": \"www.fordamericas.mx\", \"name\": \"Ford Americas\"}]}, {\"id\": 23, \"marca\": \"Seat\", \"fileUrl\": \"http://localhost:3000/storage/Resultados/Seat-ValidacionesPrincipales/Reporte/Reporte_2026-02-18_03-54-02.xlsx\", \"created_at\": \"2026-02-18T03:54:02.000Z\", \"distribuidoras\": [{\"id\": 5572, \"url\": \"seat-lomasverdes.mx\", \"name\": \"SEAT Lomas Verdes\"}]}, {\"id\": 21, \"marca\": \"Seat\", \"fileUrl\": \"http://localhost:3000/storage/Resultados/Seat-ValidacionesPrincipales/Reporte/Reporte_2026-02-18_03-19-03.xlsx\", \"created_at\": \"2026-02-18T03:19:03.000Z\", \"distribuidoras\": [{\"id\": 5514, \"url\": \"www.seat-lavilla.com.mx\", \"name\": \"SEAT LA VILLA\"}]}, {\"id\": 20, \"marca\": \"Seat\", \"fileUrl\": \"http://localhost:3000/storage/Resultados/Seat-ValidacionesPrincipales/Reporte/Reporte_2026-02-18_03-08-44.xlsx\", \"created_at\": \"2026-02-18T03:08:44.000Z\", \"distribuidoras\": [{\"id\": 5514, \"url\": \"www.seat-lavilla.com.mx\", \"name\": \"SEAT LA VILLA\"}]}, {\"id\": 19, \"marca\": \"Seat\", \"fileUrl\": \"http://localhost:3000/storage/Resultados/Seat-ValidacionesPrincipales/Reporte/Reporte_2026-02-18_03-04-36.xlsx\", \"created_at\": \"2026-02-18T03:04:36.000Z\", \"distribuidoras\": [{\"id\": 5514, \"url\": \"www.seat-lavilla.com.mx\", \"name\": \"SEAT LA VILLA\"}]}, {\"id\": 18, \"marca\": \"Seat\", \"fileUrl\": \"http://localhost:3000/storage/Resultados/Seat-ValidacionesPrincipales/Reporte/Reporte_2026-02-18_00-05-46.xlsx\", \"created_at\": \"2026-02-18T00:05:46.000Z\", \"distribuidoras\": [{\"id\": 5514, \"url\": \"www.seat-lavilla.com.mx\", \"name\": \"SEAT LA VILLA\"}]}, {\"id\": 17, \"marca\": \"Seat\", \"fileUrl\": \"http://localhost:3000/storage/Resultados/Seat-ValidacionesPrincipales/Reporte/Reporte_2026-02-17_22-14-13.xlsx\", \"created_at\": \"2026-02-17T22:14:13.000Z\", \"distribuidoras\": [{\"id\": 5514, \"url\": \"www.seat-lavilla.com.mx\", \"name\": \"SEAT LA VILLA\"}]}, {\"id\": 16, \"marca\": \"Seat\", \"fileUrl\": \"http://localhost:3000/storage/Resultados/Seat-ValidacionesPrincipales/Reporte/Reporte_2026-02-17_22-08-58.xlsx\", \"created_at\": \"2026-02-17T22:08:58.000Z\", \"distribuidoras\": [{\"id\": 5556, \"url\": \"seat-agricola.com.mx\", \"name\": \"SEAT AGRÍCOLA\"}]}, {\"id\": 15, \"marca\": \"Seat\", \"fileUrl\": \"http://localhost:3000/storage/Resultados/Seat-ValidacionesPrincipales/Reporte/Reporte_2026-02-16_05-10-17.xlsx\", \"created_at\": \"2026-02-16T05:10:17.000Z\", \"distribuidoras\": [{\"id\": 5530, \"url\": \"www.autoforum.com.mx\", \"name\": \"SEAT AUTOFÓRUM\"}]}, {\"id\": 14, \"marca\": \"Seat\", \"fileUrl\": \"http://localhost:3000/storage/Resultados/Seat-ValidacionesPrincipales/Reporte/Reporte_2026-02-16_04-17-24.xlsx\", \"created_at\": \"2026-02-16T04:17:24.000Z\", \"distribuidoras\": [{\"id\": 5532, \"url\": \"www.autoforumtehuacan.com.mx\", \"name\": \"SEAT AUTOFÓRUM TEHUACÁN\"}]}, {\"id\": 13, \"marca\": \"Seat\", \"fileUrl\": \"http://localhost:3000/storage/Resultados/Seat-ValidacionesPrincipales/Reporte/Reporte_2026-02-16_03-34-23.xlsx\", \"created_at\": \"2026-02-16T03:34:24.000Z\", \"distribuidoras\": [{\"id\": 5572, \"url\": \"seat-lomasverdes.mx\", \"name\": \"SEAT Lomas Verdes\"}]}, {\"id\": 12, \"marca\": \"Seat\", \"fileUrl\": \"http://localhost:3000/storage/Resultados/Seat-ValidacionesPrincipales/Reporte/Reporte_2026-02-16_00-30-56.xlsx\", \"created_at\": \"2026-02-16T00:30:56.000Z\", \"distribuidoras\": [{\"id\": 5572, \"url\": \"seat-lomasverdes.mx\", \"name\": \"SEAT Lomas Verdes\"}]}, {\"id\": 11, \"marca\": \"Seat\", \"fileUrl\": \"http://localhost:3000/storage/Resultados/Seat-ValidacionesPrincipales/Reporte/Reporte_2026-02-16_00-26-51.xlsx\", \"created_at\": \"2026-02-16T00:26:51.000Z\", \"distribuidoras\": [{\"id\": 5532, \"url\": \"www.autoforumtehuacan.com.mx\", \"name\": \"SEAT AUTOFÓRUM TEHUACÁN\"}]}, {\"id\": 9, \"marca\": \"Seat\", \"fileUrl\": \"http://localhost:3000/storage/Resultados/Seat-ValidacionesPrincipales/Reporte/Reporte_2026-02-16_00-08-42.xlsx\", \"created_at\": \"2026-02-16T00:08:42.000Z\", \"distribuidoras\": [{\"id\": 5556, \"url\": \"seat-agricola.com.mx\", \"name\": \"SEAT AGRÍCOLA\"}]}, {\"id\": 8, \"marca\": \"Seat\", \"fileUrl\": \"http://localhost:3000/storage/Resultados/Seat-ValidacionesPrincipales/Reporte/Reporte_2026-02-15_23-51-58.xlsx\", \"created_at\": \"2026-02-15T23:51:58.000Z\", \"distribuidoras\": [{\"id\": 5556, \"url\": \"seat-agricola.com.mx\", \"name\": \"SEAT AGRÍCOLA\"}]}, {\"id\": 7, \"marca\": \"Seat\", \"fileUrl\": \"http://localhost:3000/storage/Resultados/Seat-ValidacionesPrincipales/Reporte/Reporte_2026-02-15_23-45-16.xlsx\", \"created_at\": \"2026-02-15T23:45:16.000Z\", \"distribuidoras\": [{\"id\": 5564, \"url\": \"seat-aguaazul.com.mx\", \"name\": \"SEAT AGUA AZUL GUADALAJARA\"}]}, {\"id\": 6, \"marca\": \"Seat\", \"fileUrl\": \"http://localhost:3000/storage/Resultados/Seat-ValidacionesPrincipales/Reporte/Reporte_2026-02-15_00-24-09.xlsx\", \"created_at\": \"2026-02-15T00:24:09.000Z\", \"distribuidoras\": [{\"id\": 5556, \"url\": \"seat-agricola.com.mx\", \"name\": \"SEAT AGRÍCOLA\"}]}, {\"id\": 5, \"marca\": \"Seat\", \"fileUrl\": \"http://localhost:3000/storage/Resultados/Seat-ValidacionesPrincipales/Reporte/Reporte_2026-02-15_00-03-54.xlsx\", \"created_at\": \"2026-02-15T00:03:54.000Z\", \"distribuidoras\": [{\"id\": 5553, \"url\": \"seatchiapas.mx\", \"name\": \"SEAT CHIAPAS\"}]}, {\"id\": 4, \"marca\": \"Seat\", \"fileUrl\": \"http://localhost:3000/storage/Resultados/Seat-ValidacionesPrincipales/Reporte/Reporte_2026-02-14_23-29-41.xlsx\", \"created_at\": \"2026-02-14T23:29:41.000Z\", \"distribuidoras\": [{\"id\": 5565, \"url\": \"www.seat-chapultepec.com.mx\", \"name\": \"SEAT CHAPULTEPEC\"}]}, {\"id\": 3, \"marca\": \"Seat\", \"fileUrl\": \"http://localhost:3000/storage/Resultados/Seat-ValidacionesPrincipales/Reporte/Reporte_2026-01-18_06-49-06.xlsx\", \"created_at\": \"2026-01-18T06:49:07.000Z\", \"distribuidoras\": [{\"id\": 5553, \"url\": \"seatchiapas.mx\", \"name\": \"SEAT CHIAPAS\"}]}, {\"id\": 2, \"marca\": \"Seat\", \"fileUrl\": \"http://localhost:3000/storage/Resultados/Seat-ValidacionesPrincipales/Reporte/Reporte_2026-01-16_21-21-58.xlsx\", \"created_at\": \"2026-01-16T21:21:58.000Z\", \"distribuidoras\": [{\"id\": 5564, \"url\": \"seat-aguaazul.com.mx\", \"name\": \"SEAT AGUA AZUL GUADALAJARA\"}]}]}','2026-02-22 02:48:47'),(500,3,NULL,NULL,'acceso_ruta_protegida','{\"ruta\": \"/api/marcas\", \"metodo\": \"GET\"}','2026-02-22 02:48:53'),(501,4,NULL,NULL,'login','{\"email\": \"test@correo.com\"}','2026-02-22 02:52:31'),(502,3,NULL,NULL,'login','{\"email\": \"nuevo1@correo.com\"}','2026-02-22 02:53:15'),(503,3,NULL,NULL,'acceso_ruta_protegida','{\"ruta\": \"/api/marcas\", \"metodo\": \"GET\"}','2026-02-22 02:53:15'),(504,3,NULL,NULL,'login','{\"email\": \"nuevo1@correo.com\"}','2026-02-22 20:34:55'),(505,3,NULL,NULL,'acceso_ruta_protegida','{\"ruta\": \"/api/marcas\", \"metodo\": \"GET\"}','2026-02-22 20:34:55'),(506,11,NULL,NULL,'registro','{\"email\": \"admin@correo.com\", \"roleId\": 1, \"username\": \"testAdmin\"}','2026-02-22 20:39:48'),(507,11,NULL,NULL,'login','{\"email\": \"admin@correo.com\"}','2026-02-22 20:40:08'),(508,11,NULL,NULL,'acceso_ruta_protegida','{\"ruta\": \"/api/marcas\", \"metodo\": \"GET\"}','2026-02-22 20:40:08'),(509,11,NULL,NULL,'acceso_ruta_protegida','{\"ruta\": \"/api/reporte/mis-reportes\", \"metodo\": \"GET\"}','2026-02-22 20:40:11'),(510,11,NULL,NULL,'ver_mis_reportes','{\"reportes\": []}','2026-02-22 20:40:11'),(511,11,NULL,NULL,'acceso_ruta_protegida','{\"ruta\": \"/api/marcas\", \"metodo\": \"GET\"}','2026-02-22 20:40:12'),(512,11,NULL,NULL,'login','{\"email\": \"admin@correo.com\"}','2026-02-22 21:06:02'),(513,11,NULL,NULL,'acceso_ruta_protegida','{\"ruta\": \"/api/marcas\", \"metodo\": \"GET\"}','2026-02-22 21:06:02'),(514,11,NULL,NULL,'login','{\"email\": \"admin@correo.com\"}','2026-02-22 21:08:22'),(515,11,NULL,NULL,'acceso_ruta_protegida','{\"ruta\": \"/api/marcas\", \"metodo\": \"GET\"}','2026-02-22 21:08:22'),(516,3,NULL,NULL,'login','{\"email\": \"nuevo1@correo.com\"}','2026-02-22 21:08:28'),(517,3,NULL,NULL,'acceso_ruta_protegida','{\"ruta\": \"/api/marcas\", \"metodo\": \"GET\"}','2026-02-22 21:08:28'),(518,3,NULL,NULL,'acceso_ruta_protegida','{\"ruta\": \"/api/reporte/mis-reportes\", \"metodo\": \"GET\"}','2026-02-22 21:08:29'),(519,3,NULL,NULL,'ver_mis_reportes','{\"reportes\": [{\"id\": 32, \"marca\": \"Seat\", \"fileUrl\": \"http://localhost:3000/storage/Resultados/Seat-ValidacionesPrincipales/Reporte/Reporte_2026-02-21_02-11-50.xlsx\", \"created_at\": \"2026-02-21T02:11:50.000Z\", \"distribuidoras\": [{\"id\": 5514, \"url\": \"www.seat-lavilla.com.mx\", \"name\": \"SEAT LA VILLA\"}]}, {\"id\": 31, \"marca\": \"Seat\", \"fileUrl\": \"http://localhost:3000/storage/Resultados/Seat-ValidacionesPrincipales/Reporte/Reporte_2026-02-21_01-41-42.xlsx\", \"created_at\": \"2026-02-21T01:41:42.000Z\", \"distribuidoras\": [{\"id\": 5514, \"url\": \"www.seat-lavilla.com.mx\", \"name\": \"SEAT LA VILLA\"}]}, {\"id\": 30, \"marca\": \"Seat\", \"fileUrl\": \"http://localhost:3000/storage/Resultados/Seat-ValidacionesPrincipales/Reporte/Reporte_2026-02-21_01-30-53.xlsx\", \"created_at\": \"2026-02-21T01:30:53.000Z\", \"distribuidoras\": [{\"id\": 5514, \"url\": \"www.seat-lavilla.com.mx\", \"name\": \"SEAT LA VILLA\"}]}, {\"id\": 29, \"marca\": \"Seat\", \"fileUrl\": \"http://localhost:3000/storage/Resultados/Seat-ValidacionesPrincipales/Reporte/Reporte_2026-02-21_01-06-21.xlsx\", \"created_at\": \"2026-02-21T01:06:21.000Z\", \"distribuidoras\": [{\"id\": 5514, \"url\": \"www.seat-lavilla.com.mx\", \"name\": \"SEAT LA VILLA\"}]}, {\"id\": 28, \"marca\": \"Seat\", \"fileUrl\": \"http://localhost:3000/storage/Resultados/Seat-ValidacionesPrincipales/Reporte/Reporte_2026-02-21_00-51-54.xlsx\", \"created_at\": \"2026-02-21T00:51:54.000Z\", \"distribuidoras\": [{\"id\": 5514, \"url\": \"www.seat-lavilla.com.mx\", \"name\": \"SEAT LA VILLA\"}]}, {\"id\": 27, \"marca\": \"Seat\", \"fileUrl\": \"http://localhost:3000/storage/Resultados/Seat-ValidacionesPrincipales/Reporte/Reporte_2026-02-21_00-19-15.xlsx\", \"created_at\": \"2026-02-21T00:19:15.000Z\", \"distribuidoras\": [{\"id\": 5572, \"url\": \"seat-lomasverdes.mx\", \"name\": \"SEAT Lomas Verdes\"}]}, {\"id\": 26, \"marca\": \"Seat\", \"fileUrl\": \"http://localhost:3000/storage/Resultados/Seat-ValidacionesPrincipales/Reporte/Reporte_2026-02-21_00-09-13.xlsx\", \"created_at\": \"2026-02-21T00:09:13.000Z\", \"distribuidoras\": [{\"id\": 5514, \"url\": \"www.seat-lavilla.com.mx\", \"name\": \"SEAT LA VILLA\"}]}, {\"id\": 25, \"marca\": \"Ford\", \"fileUrl\": \"http://localhost:3000/storage/Resultados/Ford-ValidacionesPrincipales/Reporte/Reporte_2026-02-18_22-24-15.xlsx\", \"created_at\": \"2026-02-18T22:24:15.000Z\", \"distribuidoras\": [{\"id\": 6518, \"url\": \"www.fordandrade.mx\", \"name\": \"Ford Andrade La Viga\"}]}, {\"id\": 24, \"marca\": \"Ford\", \"fileUrl\": \"http://localhost:3000/storage/Resultados/Ford-ValidacionesPrincipales/Reporte/Reporte_2026-02-18_22-18-24.xlsx\", \"created_at\": \"2026-02-18T22:18:24.000Z\", \"distribuidoras\": [{\"id\": 6716, \"url\": \"www.fordamericas.mx\", \"name\": \"Ford Americas\"}]}, {\"id\": 23, \"marca\": \"Seat\", \"fileUrl\": \"http://localhost:3000/storage/Resultados/Seat-ValidacionesPrincipales/Reporte/Reporte_2026-02-18_03-54-02.xlsx\", \"created_at\": \"2026-02-18T03:54:02.000Z\", \"distribuidoras\": [{\"id\": 5572, \"url\": \"seat-lomasverdes.mx\", \"name\": \"SEAT Lomas Verdes\"}]}, {\"id\": 21, \"marca\": \"Seat\", \"fileUrl\": \"http://localhost:3000/storage/Resultados/Seat-ValidacionesPrincipales/Reporte/Reporte_2026-02-18_03-19-03.xlsx\", \"created_at\": \"2026-02-18T03:19:03.000Z\", \"distribuidoras\": [{\"id\": 5514, \"url\": \"www.seat-lavilla.com.mx\", \"name\": \"SEAT LA VILLA\"}]}, {\"id\": 20, \"marca\": \"Seat\", \"fileUrl\": \"http://localhost:3000/storage/Resultados/Seat-ValidacionesPrincipales/Reporte/Reporte_2026-02-18_03-08-44.xlsx\", \"created_at\": \"2026-02-18T03:08:44.000Z\", \"distribuidoras\": [{\"id\": 5514, \"url\": \"www.seat-lavilla.com.mx\", \"name\": \"SEAT LA VILLA\"}]}, {\"id\": 19, \"marca\": \"Seat\", \"fileUrl\": \"http://localhost:3000/storage/Resultados/Seat-ValidacionesPrincipales/Reporte/Reporte_2026-02-18_03-04-36.xlsx\", \"created_at\": \"2026-02-18T03:04:36.000Z\", \"distribuidoras\": [{\"id\": 5514, \"url\": \"www.seat-lavilla.com.mx\", \"name\": \"SEAT LA VILLA\"}]}, {\"id\": 18, \"marca\": \"Seat\", \"fileUrl\": \"http://localhost:3000/storage/Resultados/Seat-ValidacionesPrincipales/Reporte/Reporte_2026-02-18_00-05-46.xlsx\", \"created_at\": \"2026-02-18T00:05:46.000Z\", \"distribuidoras\": [{\"id\": 5514, \"url\": \"www.seat-lavilla.com.mx\", \"name\": \"SEAT LA VILLA\"}]}, {\"id\": 17, \"marca\": \"Seat\", \"fileUrl\": \"http://localhost:3000/storage/Resultados/Seat-ValidacionesPrincipales/Reporte/Reporte_2026-02-17_22-14-13.xlsx\", \"created_at\": \"2026-02-17T22:14:13.000Z\", \"distribuidoras\": [{\"id\": 5514, \"url\": \"www.seat-lavilla.com.mx\", \"name\": \"SEAT LA VILLA\"}]}, {\"id\": 16, \"marca\": \"Seat\", \"fileUrl\": \"http://localhost:3000/storage/Resultados/Seat-ValidacionesPrincipales/Reporte/Reporte_2026-02-17_22-08-58.xlsx\", \"created_at\": \"2026-02-17T22:08:58.000Z\", \"distribuidoras\": [{\"id\": 5556, \"url\": \"seat-agricola.com.mx\", \"name\": \"SEAT AGRÍCOLA\"}]}, {\"id\": 15, \"marca\": \"Seat\", \"fileUrl\": \"http://localhost:3000/storage/Resultados/Seat-ValidacionesPrincipales/Reporte/Reporte_2026-02-16_05-10-17.xlsx\", \"created_at\": \"2026-02-16T05:10:17.000Z\", \"distribuidoras\": [{\"id\": 5530, \"url\": \"www.autoforum.com.mx\", \"name\": \"SEAT AUTOFÓRUM\"}]}, {\"id\": 14, \"marca\": \"Seat\", \"fileUrl\": \"http://localhost:3000/storage/Resultados/Seat-ValidacionesPrincipales/Reporte/Reporte_2026-02-16_04-17-24.xlsx\", \"created_at\": \"2026-02-16T04:17:24.000Z\", \"distribuidoras\": [{\"id\": 5532, \"url\": \"www.autoforumtehuacan.com.mx\", \"name\": \"SEAT AUTOFÓRUM TEHUACÁN\"}]}, {\"id\": 13, \"marca\": \"Seat\", \"fileUrl\": \"http://localhost:3000/storage/Resultados/Seat-ValidacionesPrincipales/Reporte/Reporte_2026-02-16_03-34-23.xlsx\", \"created_at\": \"2026-02-16T03:34:24.000Z\", \"distribuidoras\": [{\"id\": 5572, \"url\": \"seat-lomasverdes.mx\", \"name\": \"SEAT Lomas Verdes\"}]}, {\"id\": 12, \"marca\": \"Seat\", \"fileUrl\": \"http://localhost:3000/storage/Resultados/Seat-ValidacionesPrincipales/Reporte/Reporte_2026-02-16_00-30-56.xlsx\", \"created_at\": \"2026-02-16T00:30:56.000Z\", \"distribuidoras\": [{\"id\": 5572, \"url\": \"seat-lomasverdes.mx\", \"name\": \"SEAT Lomas Verdes\"}]}, {\"id\": 11, \"marca\": \"Seat\", \"fileUrl\": \"http://localhost:3000/storage/Resultados/Seat-ValidacionesPrincipales/Reporte/Reporte_2026-02-16_00-26-51.xlsx\", \"created_at\": \"2026-02-16T00:26:51.000Z\", \"distribuidoras\": [{\"id\": 5532, \"url\": \"www.autoforumtehuacan.com.mx\", \"name\": \"SEAT AUTOFÓRUM TEHUACÁN\"}]}, {\"id\": 9, \"marca\": \"Seat\", \"fileUrl\": \"http://localhost:3000/storage/Resultados/Seat-ValidacionesPrincipales/Reporte/Reporte_2026-02-16_00-08-42.xlsx\", \"created_at\": \"2026-02-16T00:08:42.000Z\", \"distribuidoras\": [{\"id\": 5556, \"url\": \"seat-agricola.com.mx\", \"name\": \"SEAT AGRÍCOLA\"}]}, {\"id\": 8, \"marca\": \"Seat\", \"fileUrl\": \"http://localhost:3000/storage/Resultados/Seat-ValidacionesPrincipales/Reporte/Reporte_2026-02-15_23-51-58.xlsx\", \"created_at\": \"2026-02-15T23:51:58.000Z\", \"distribuidoras\": [{\"id\": 5556, \"url\": \"seat-agricola.com.mx\", \"name\": \"SEAT AGRÍCOLA\"}]}, {\"id\": 7, \"marca\": \"Seat\", \"fileUrl\": \"http://localhost:3000/storage/Resultados/Seat-ValidacionesPrincipales/Reporte/Reporte_2026-02-15_23-45-16.xlsx\", \"created_at\": \"2026-02-15T23:45:16.000Z\", \"distribuidoras\": [{\"id\": 5564, \"url\": \"seat-aguaazul.com.mx\", \"name\": \"SEAT AGUA AZUL GUADALAJARA\"}]}, {\"id\": 6, \"marca\": \"Seat\", \"fileUrl\": \"http://localhost:3000/storage/Resultados/Seat-ValidacionesPrincipales/Reporte/Reporte_2026-02-15_00-24-09.xlsx\", \"created_at\": \"2026-02-15T00:24:09.000Z\", \"distribuidoras\": [{\"id\": 5556, \"url\": \"seat-agricola.com.mx\", \"name\": \"SEAT AGRÍCOLA\"}]}, {\"id\": 5, \"marca\": \"Seat\", \"fileUrl\": \"http://localhost:3000/storage/Resultados/Seat-ValidacionesPrincipales/Reporte/Reporte_2026-02-15_00-03-54.xlsx\", \"created_at\": \"2026-02-15T00:03:54.000Z\", \"distribuidoras\": [{\"id\": 5553, \"url\": \"seatchiapas.mx\", \"name\": \"SEAT CHIAPAS\"}]}, {\"id\": 4, \"marca\": \"Seat\", \"fileUrl\": \"http://localhost:3000/storage/Resultados/Seat-ValidacionesPrincipales/Reporte/Reporte_2026-02-14_23-29-41.xlsx\", \"created_at\": \"2026-02-14T23:29:41.000Z\", \"distribuidoras\": [{\"id\": 5565, \"url\": \"www.seat-chapultepec.com.mx\", \"name\": \"SEAT CHAPULTEPEC\"}]}, {\"id\": 3, \"marca\": \"Seat\", \"fileUrl\": \"http://localhost:3000/storage/Resultados/Seat-ValidacionesPrincipales/Reporte/Reporte_2026-01-18_06-49-06.xlsx\", \"created_at\": \"2026-01-18T06:49:07.000Z\", \"distribuidoras\": [{\"id\": 5553, \"url\": \"seatchiapas.mx\", \"name\": \"SEAT CHIAPAS\"}]}, {\"id\": 2, \"marca\": \"Seat\", \"fileUrl\": \"http://localhost:3000/storage/Resultados/Seat-ValidacionesPrincipales/Reporte/Reporte_2026-01-16_21-21-58.xlsx\", \"created_at\": \"2026-01-16T21:21:58.000Z\", \"distribuidoras\": [{\"id\": 5564, \"url\": \"seat-aguaazul.com.mx\", \"name\": \"SEAT AGUA AZUL GUADALAJARA\"}]}]}','2026-02-22 21:08:29'),(520,11,NULL,NULL,'login','{\"email\": \"admin@correo.com\"}','2026-02-22 21:08:34'),(521,11,NULL,NULL,'acceso_ruta_protegida','{\"ruta\": \"/api/marcas\", \"metodo\": \"GET\"}','2026-02-22 21:08:34'),(522,3,NULL,NULL,'login','{\"email\": \"nuevo1@correo.com\"}','2026-02-22 21:11:58'),(523,3,NULL,NULL,'acceso_ruta_protegida','{\"ruta\": \"/api/marcas\", \"metodo\": \"GET\"}','2026-02-22 21:11:58'),(524,3,NULL,NULL,'login','{\"email\": \"nuevo1@correo.com\"}','2026-02-22 21:20:17'),(525,3,NULL,NULL,'acceso_ruta_protegida','{\"ruta\": \"/api/marcas\", \"metodo\": \"GET\"}','2026-02-22 21:20:17'),(526,3,NULL,NULL,'acceso_ruta_protegida','{\"ruta\": \"/api/marcas\", \"metodo\": \"GET\"}','2026-02-22 21:26:01'),(527,3,NULL,NULL,'login','{\"email\": \"nuevo1@correo.com\"}','2026-02-22 21:26:04'),(528,3,NULL,NULL,'acceso_ruta_protegida','{\"ruta\": \"/api/marcas\", \"metodo\": \"GET\"}','2026-02-22 21:26:04'),(529,3,NULL,NULL,'acceso_ruta_protegida','{\"ruta\": \"/api/marcas\", \"metodo\": \"GET\"}','2026-02-22 21:26:16'),(530,11,NULL,NULL,'login','{\"email\": \"admin@correo.com\"}','2026-02-22 21:26:20'),(531,11,NULL,NULL,'acceso_ruta_protegida','{\"ruta\": \"/api/marcas\", \"metodo\": \"GET\"}','2026-02-22 21:26:20'),(532,11,NULL,NULL,'login','{\"email\": \"admin@correo.com\"}','2026-02-22 23:54:29'),(533,11,NULL,NULL,'acceso_ruta_protegida','{\"ruta\": \"/api/marcas\", \"metodo\": \"GET\"}','2026-02-22 23:54:29'),(534,11,NULL,NULL,'acceso_ruta_protegida','{\"ruta\": \"/api/Usuarios\", \"metodo\": \"GET\"}','2026-02-22 23:54:34'),(535,11,NULL,NULL,'login','{\"email\": \"admin@correo.com\"}','2026-02-22 23:54:35'),(536,11,NULL,NULL,'acceso_ruta_protegida','{\"ruta\": \"/api/marcas\", \"metodo\": \"GET\"}','2026-02-22 23:54:35'),(537,11,NULL,NULL,'acceso_ruta_protegida','{\"ruta\": \"/api/Usuarios\", \"metodo\": \"GET\"}','2026-02-22 23:54:38'),(538,11,NULL,NULL,'login','{\"email\": \"admin@correo.com\"}','2026-02-22 23:54:39'),(539,11,NULL,NULL,'acceso_ruta_protegida','{\"ruta\": \"/api/marcas\", \"metodo\": \"GET\"}','2026-02-22 23:54:39'),(540,11,NULL,NULL,'login','{\"email\": \"admin@correo.com\"}','2026-02-22 23:54:42'),(541,11,NULL,NULL,'acceso_ruta_protegida','{\"ruta\": \"/api/marcas\", \"metodo\": \"GET\"}','2026-02-22 23:54:42'),(542,11,NULL,NULL,'acceso_ruta_protegida','{\"ruta\": \"/api/Usuarios\", \"metodo\": \"GET\"}','2026-02-22 23:54:44'),(543,11,NULL,NULL,'login','{\"email\": \"admin@correo.com\"}','2026-02-22 23:54:47'),(544,11,NULL,NULL,'acceso_ruta_protegida','{\"ruta\": \"/api/marcas\", \"metodo\": \"GET\"}','2026-02-22 23:54:47'),(545,11,NULL,NULL,'login','{\"email\": \"admin@correo.com\"}','2026-02-23 00:06:22'),(546,11,NULL,NULL,'acceso_ruta_protegida','{\"ruta\": \"/api/marcas\", \"metodo\": \"GET\"}','2026-02-23 00:06:22'),(547,11,NULL,NULL,'acceso_ruta_protegida','{\"ruta\": \"/api/marcas\", \"metodo\": \"GET\"}','2026-02-23 00:06:47'),(548,11,NULL,NULL,'acceso_ruta_protegida','{\"ruta\": \"/api/reporte/mis-reportes\", \"metodo\": \"GET\"}','2026-02-23 00:06:52'),(549,11,NULL,NULL,'ver_mis_reportes','{\"reportes\": []}','2026-02-23 00:06:52'),(550,11,NULL,NULL,'login','{\"email\": \"admin@correo.com\"}','2026-02-23 00:06:55'),(551,11,NULL,NULL,'acceso_ruta_protegida','{\"ruta\": \"/api/marcas\", \"metodo\": \"GET\"}','2026-02-23 00:06:55'),(552,11,NULL,NULL,'acceso_ruta_protegida','{\"ruta\": \"/api/reporte/mis-reportes\", \"metodo\": \"GET\"}','2026-02-23 00:07:00'),(553,11,NULL,NULL,'ver_mis_reportes','{\"reportes\": []}','2026-02-23 00:07:00'),(554,11,NULL,NULL,'login','{\"email\": \"admin@correo.com\"}','2026-02-23 00:07:02'),(555,11,NULL,NULL,'acceso_ruta_protegida','{\"ruta\": \"/api/marcas\", \"metodo\": \"GET\"}','2026-02-23 00:07:02'),(556,11,NULL,NULL,'acceso_ruta_protegida','{\"ruta\": \"/api/marcas\", \"metodo\": \"GET\"}','2026-02-23 00:07:06'),(557,3,NULL,NULL,'login','{\"email\": \"nuevo1@correo.com\"}','2026-02-23 00:07:10'),(558,3,NULL,NULL,'acceso_ruta_protegida','{\"ruta\": \"/api/marcas\", \"metodo\": \"GET\"}','2026-02-23 00:07:10'),(559,3,NULL,NULL,'acceso_ruta_protegida','{\"ruta\": \"/api/reporte/mis-reportes\", \"metodo\": \"GET\"}','2026-02-23 00:07:11'),(560,3,NULL,NULL,'ver_mis_reportes','{\"reportes\": [{\"id\": 32, \"marca\": \"Seat\", \"fileUrl\": \"http://localhost:3000/storage/Resultados/Seat-ValidacionesPrincipales/Reporte/Reporte_2026-02-21_02-11-50.xlsx\", \"created_at\": \"2026-02-21T02:11:50.000Z\", \"distribuidoras\": [{\"id\": 5514, \"url\": \"www.seat-lavilla.com.mx\", \"name\": \"SEAT LA VILLA\"}]}, {\"id\": 31, \"marca\": \"Seat\", \"fileUrl\": \"http://localhost:3000/storage/Resultados/Seat-ValidacionesPrincipales/Reporte/Reporte_2026-02-21_01-41-42.xlsx\", \"created_at\": \"2026-02-21T01:41:42.000Z\", \"distribuidoras\": [{\"id\": 5514, \"url\": \"www.seat-lavilla.com.mx\", \"name\": \"SEAT LA VILLA\"}]}, {\"id\": 30, \"marca\": \"Seat\", \"fileUrl\": \"http://localhost:3000/storage/Resultados/Seat-ValidacionesPrincipales/Reporte/Reporte_2026-02-21_01-30-53.xlsx\", \"created_at\": \"2026-02-21T01:30:53.000Z\", \"distribuidoras\": [{\"id\": 5514, \"url\": \"www.seat-lavilla.com.mx\", \"name\": \"SEAT LA VILLA\"}]}, {\"id\": 29, \"marca\": \"Seat\", \"fileUrl\": \"http://localhost:3000/storage/Resultados/Seat-ValidacionesPrincipales/Reporte/Reporte_2026-02-21_01-06-21.xlsx\", \"created_at\": \"2026-02-21T01:06:21.000Z\", \"distribuidoras\": [{\"id\": 5514, \"url\": \"www.seat-lavilla.com.mx\", \"name\": \"SEAT LA VILLA\"}]}, {\"id\": 28, \"marca\": \"Seat\", \"fileUrl\": \"http://localhost:3000/storage/Resultados/Seat-ValidacionesPrincipales/Reporte/Reporte_2026-02-21_00-51-54.xlsx\", \"created_at\": \"2026-02-21T00:51:54.000Z\", \"distribuidoras\": [{\"id\": 5514, \"url\": \"www.seat-lavilla.com.mx\", \"name\": \"SEAT LA VILLA\"}]}, {\"id\": 27, \"marca\": \"Seat\", \"fileUrl\": \"http://localhost:3000/storage/Resultados/Seat-ValidacionesPrincipales/Reporte/Reporte_2026-02-21_00-19-15.xlsx\", \"created_at\": \"2026-02-21T00:19:15.000Z\", \"distribuidoras\": [{\"id\": 5572, \"url\": \"seat-lomasverdes.mx\", \"name\": \"SEAT Lomas Verdes\"}]}, {\"id\": 26, \"marca\": \"Seat\", \"fileUrl\": \"http://localhost:3000/storage/Resultados/Seat-ValidacionesPrincipales/Reporte/Reporte_2026-02-21_00-09-13.xlsx\", \"created_at\": \"2026-02-21T00:09:13.000Z\", \"distribuidoras\": [{\"id\": 5514, \"url\": \"www.seat-lavilla.com.mx\", \"name\": \"SEAT LA VILLA\"}]}, {\"id\": 25, \"marca\": \"Ford\", \"fileUrl\": \"http://localhost:3000/storage/Resultados/Ford-ValidacionesPrincipales/Reporte/Reporte_2026-02-18_22-24-15.xlsx\", \"created_at\": \"2026-02-18T22:24:15.000Z\", \"distribuidoras\": [{\"id\": 6518, \"url\": \"www.fordandrade.mx\", \"name\": \"Ford Andrade La Viga\"}]}, {\"id\": 24, \"marca\": \"Ford\", \"fileUrl\": \"http://localhost:3000/storage/Resultados/Ford-ValidacionesPrincipales/Reporte/Reporte_2026-02-18_22-18-24.xlsx\", \"created_at\": \"2026-02-18T22:18:24.000Z\", \"distribuidoras\": [{\"id\": 6716, \"url\": \"www.fordamericas.mx\", \"name\": \"Ford Americas\"}]}, {\"id\": 23, \"marca\": \"Seat\", \"fileUrl\": \"http://localhost:3000/storage/Resultados/Seat-ValidacionesPrincipales/Reporte/Reporte_2026-02-18_03-54-02.xlsx\", \"created_at\": \"2026-02-18T03:54:02.000Z\", \"distribuidoras\": [{\"id\": 5572, \"url\": \"seat-lomasverdes.mx\", \"name\": \"SEAT Lomas Verdes\"}]}, {\"id\": 21, \"marca\": \"Seat\", \"fileUrl\": \"http://localhost:3000/storage/Resultados/Seat-ValidacionesPrincipales/Reporte/Reporte_2026-02-18_03-19-03.xlsx\", \"created_at\": \"2026-02-18T03:19:03.000Z\", \"distribuidoras\": [{\"id\": 5514, \"url\": \"www.seat-lavilla.com.mx\", \"name\": \"SEAT LA VILLA\"}]}, {\"id\": 20, \"marca\": \"Seat\", \"fileUrl\": \"http://localhost:3000/storage/Resultados/Seat-ValidacionesPrincipales/Reporte/Reporte_2026-02-18_03-08-44.xlsx\", \"created_at\": \"2026-02-18T03:08:44.000Z\", \"distribuidoras\": [{\"id\": 5514, \"url\": \"www.seat-lavilla.com.mx\", \"name\": \"SEAT LA VILLA\"}]}, {\"id\": 19, \"marca\": \"Seat\", \"fileUrl\": \"http://localhost:3000/storage/Resultados/Seat-ValidacionesPrincipales/Reporte/Reporte_2026-02-18_03-04-36.xlsx\", \"created_at\": \"2026-02-18T03:04:36.000Z\", \"distribuidoras\": [{\"id\": 5514, \"url\": \"www.seat-lavilla.com.mx\", \"name\": \"SEAT LA VILLA\"}]}, {\"id\": 18, \"marca\": \"Seat\", \"fileUrl\": \"http://localhost:3000/storage/Resultados/Seat-ValidacionesPrincipales/Reporte/Reporte_2026-02-18_00-05-46.xlsx\", \"created_at\": \"2026-02-18T00:05:46.000Z\", \"distribuidoras\": [{\"id\": 5514, \"url\": \"www.seat-lavilla.com.mx\", \"name\": \"SEAT LA VILLA\"}]}, {\"id\": 17, \"marca\": \"Seat\", \"fileUrl\": \"http://localhost:3000/storage/Resultados/Seat-ValidacionesPrincipales/Reporte/Reporte_2026-02-17_22-14-13.xlsx\", \"created_at\": \"2026-02-17T22:14:13.000Z\", \"distribuidoras\": [{\"id\": 5514, \"url\": \"www.seat-lavilla.com.mx\", \"name\": \"SEAT LA VILLA\"}]}, {\"id\": 16, \"marca\": \"Seat\", \"fileUrl\": \"http://localhost:3000/storage/Resultados/Seat-ValidacionesPrincipales/Reporte/Reporte_2026-02-17_22-08-58.xlsx\", \"created_at\": \"2026-02-17T22:08:58.000Z\", \"distribuidoras\": [{\"id\": 5556, \"url\": \"seat-agricola.com.mx\", \"name\": \"SEAT AGRÍCOLA\"}]}, {\"id\": 15, \"marca\": \"Seat\", \"fileUrl\": \"http://localhost:3000/storage/Resultados/Seat-ValidacionesPrincipales/Reporte/Reporte_2026-02-16_05-10-17.xlsx\", \"created_at\": \"2026-02-16T05:10:17.000Z\", \"distribuidoras\": [{\"id\": 5530, \"url\": \"www.autoforum.com.mx\", \"name\": \"SEAT AUTOFÓRUM\"}]}, {\"id\": 14, \"marca\": \"Seat\", \"fileUrl\": \"http://localhost:3000/storage/Resultados/Seat-ValidacionesPrincipales/Reporte/Reporte_2026-02-16_04-17-24.xlsx\", \"created_at\": \"2026-02-16T04:17:24.000Z\", \"distribuidoras\": [{\"id\": 5532, \"url\": \"www.autoforumtehuacan.com.mx\", \"name\": \"SEAT AUTOFÓRUM TEHUACÁN\"}]}, {\"id\": 13, \"marca\": \"Seat\", \"fileUrl\": \"http://localhost:3000/storage/Resultados/Seat-ValidacionesPrincipales/Reporte/Reporte_2026-02-16_03-34-23.xlsx\", \"created_at\": \"2026-02-16T03:34:24.000Z\", \"distribuidoras\": [{\"id\": 5572, \"url\": \"seat-lomasverdes.mx\", \"name\": \"SEAT Lomas Verdes\"}]}, {\"id\": 12, \"marca\": \"Seat\", \"fileUrl\": \"http://localhost:3000/storage/Resultados/Seat-ValidacionesPrincipales/Reporte/Reporte_2026-02-16_00-30-56.xlsx\", \"created_at\": \"2026-02-16T00:30:56.000Z\", \"distribuidoras\": [{\"id\": 5572, \"url\": \"seat-lomasverdes.mx\", \"name\": \"SEAT Lomas Verdes\"}]}, {\"id\": 11, \"marca\": \"Seat\", \"fileUrl\": \"http://localhost:3000/storage/Resultados/Seat-ValidacionesPrincipales/Reporte/Reporte_2026-02-16_00-26-51.xlsx\", \"created_at\": \"2026-02-16T00:26:51.000Z\", \"distribuidoras\": [{\"id\": 5532, \"url\": \"www.autoforumtehuacan.com.mx\", \"name\": \"SEAT AUTOFÓRUM TEHUACÁN\"}]}, {\"id\": 9, \"marca\": \"Seat\", \"fileUrl\": \"http://localhost:3000/storage/Resultados/Seat-ValidacionesPrincipales/Reporte/Reporte_2026-02-16_00-08-42.xlsx\", \"created_at\": \"2026-02-16T00:08:42.000Z\", \"distribuidoras\": [{\"id\": 5556, \"url\": \"seat-agricola.com.mx\", \"name\": \"SEAT AGRÍCOLA\"}]}, {\"id\": 8, \"marca\": \"Seat\", \"fileUrl\": \"http://localhost:3000/storage/Resultados/Seat-ValidacionesPrincipales/Reporte/Reporte_2026-02-15_23-51-58.xlsx\", \"created_at\": \"2026-02-15T23:51:58.000Z\", \"distribuidoras\": [{\"id\": 5556, \"url\": \"seat-agricola.com.mx\", \"name\": \"SEAT AGRÍCOLA\"}]}, {\"id\": 7, \"marca\": \"Seat\", \"fileUrl\": \"http://localhost:3000/storage/Resultados/Seat-ValidacionesPrincipales/Reporte/Reporte_2026-02-15_23-45-16.xlsx\", \"created_at\": \"2026-02-15T23:45:16.000Z\", \"distribuidoras\": [{\"id\": 5564, \"url\": \"seat-aguaazul.com.mx\", \"name\": \"SEAT AGUA AZUL GUADALAJARA\"}]}, {\"id\": 6, \"marca\": \"Seat\", \"fileUrl\": \"http://localhost:3000/storage/Resultados/Seat-ValidacionesPrincipales/Reporte/Reporte_2026-02-15_00-24-09.xlsx\", \"created_at\": \"2026-02-15T00:24:09.000Z\", \"distribuidoras\": [{\"id\": 5556, \"url\": \"seat-agricola.com.mx\", \"name\": \"SEAT AGRÍCOLA\"}]}, {\"id\": 5, \"marca\": \"Seat\", \"fileUrl\": \"http://localhost:3000/storage/Resultados/Seat-ValidacionesPrincipales/Reporte/Reporte_2026-02-15_00-03-54.xlsx\", \"created_at\": \"2026-02-15T00:03:54.000Z\", \"distribuidoras\": [{\"id\": 5553, \"url\": \"seatchiapas.mx\", \"name\": \"SEAT CHIAPAS\"}]}, {\"id\": 4, \"marca\": \"Seat\", \"fileUrl\": \"http://localhost:3000/storage/Resultados/Seat-ValidacionesPrincipales/Reporte/Reporte_2026-02-14_23-29-41.xlsx\", \"created_at\": \"2026-02-14T23:29:41.000Z\", \"distribuidoras\": [{\"id\": 5565, \"url\": \"www.seat-chapultepec.com.mx\", \"name\": \"SEAT CHAPULTEPEC\"}]}, {\"id\": 3, \"marca\": \"Seat\", \"fileUrl\": \"http://localhost:3000/storage/Resultados/Seat-ValidacionesPrincipales/Reporte/Reporte_2026-01-18_06-49-06.xlsx\", \"created_at\": \"2026-01-18T06:49:07.000Z\", \"distribuidoras\": [{\"id\": 5553, \"url\": \"seatchiapas.mx\", \"name\": \"SEAT CHIAPAS\"}]}, {\"id\": 2, \"marca\": \"Seat\", \"fileUrl\": \"http://localhost:3000/storage/Resultados/Seat-ValidacionesPrincipales/Reporte/Reporte_2026-01-16_21-21-58.xlsx\", \"created_at\": \"2026-01-16T21:21:58.000Z\", \"distribuidoras\": [{\"id\": 5564, \"url\": \"seat-aguaazul.com.mx\", \"name\": \"SEAT AGUA AZUL GUADALAJARA\"}]}]}','2026-02-23 00:07:11'),(561,11,NULL,NULL,'login','{\"email\": \"admin@correo.com\"}','2026-02-23 00:07:17'),(562,11,NULL,NULL,'acceso_ruta_protegida','{\"ruta\": \"/api/marcas\", \"metodo\": \"GET\"}','2026-02-23 00:07:17'),(563,11,NULL,NULL,'acceso_ruta_protegida','{\"ruta\": \"/api/marcas\", \"metodo\": \"GET\"}','2026-02-23 00:07:20'),(564,11,NULL,NULL,'login','{\"email\": \"admin@correo.com\"}','2026-02-23 00:08:16'),(565,11,NULL,NULL,'acceso_ruta_protegida','{\"ruta\": \"/api/marcas\", \"metodo\": \"GET\"}','2026-02-23 00:08:16'),(566,11,NULL,NULL,'acceso_ruta_protegida','{\"ruta\": \"/api/Usuarios\", \"metodo\": \"GET\"}','2026-02-23 00:09:16'),(567,11,NULL,NULL,'login','{\"email\": \"admin@correo.com\"}','2026-02-23 00:09:18'),(568,11,NULL,NULL,'acceso_ruta_protegida','{\"ruta\": \"/api/marcas\", \"metodo\": \"GET\"}','2026-02-23 00:09:18'),(569,11,NULL,NULL,'acceso_ruta_protegida','{\"ruta\": \"/api/Usuarios\", \"metodo\": \"GET\"}','2026-02-23 00:09:19'),(570,11,NULL,NULL,'login','{\"email\": \"admin@correo.com\"}','2026-02-23 00:09:20'),(571,11,NULL,NULL,'acceso_ruta_protegida','{\"ruta\": \"/api/marcas\", \"metodo\": \"GET\"}','2026-02-23 00:09:20'),(572,11,NULL,NULL,'acceso_ruta_protegida','{\"ruta\": \"/api/Usuarios\", \"metodo\": \"GET\"}','2026-02-23 00:09:22'),(573,11,NULL,NULL,'login','{\"email\": \"admin@correo.com\"}','2026-02-23 00:09:24'),(574,11,NULL,NULL,'acceso_ruta_protegida','{\"ruta\": \"/api/marcas\", \"metodo\": \"GET\"}','2026-02-23 00:09:24'),(575,11,NULL,NULL,'acceso_ruta_protegida','{\"ruta\": \"/api/Usuarios\", \"metodo\": \"GET\"}','2026-02-23 00:09:37'),(576,11,NULL,NULL,'login','{\"email\": \"admin@correo.com\"}','2026-02-23 00:10:32'),(577,11,NULL,NULL,'acceso_ruta_protegida','{\"ruta\": \"/api/marcas\", \"metodo\": \"GET\"}','2026-02-23 00:10:32'),(578,11,NULL,NULL,'acceso_ruta_protegida','{\"ruta\": \"/api/Usuarios\", \"metodo\": \"GET\"}','2026-02-23 00:10:34'),(579,11,NULL,NULL,'login','{\"email\": \"admin@correo.com\"}','2026-02-23 00:10:35'),(580,11,NULL,NULL,'acceso_ruta_protegida','{\"ruta\": \"/api/marcas\", \"metodo\": \"GET\"}','2026-02-23 00:10:35'),(581,11,NULL,NULL,'acceso_ruta_protegida','{\"ruta\": \"/api/Usuarios\", \"metodo\": \"GET\"}','2026-02-23 00:10:39'),(582,11,NULL,NULL,'login','{\"email\": \"admin@correo.com\"}','2026-02-23 00:10:40'),(583,11,NULL,NULL,'acceso_ruta_protegida','{\"ruta\": \"/api/marcas\", \"metodo\": \"GET\"}','2026-02-23 00:10:40'),(584,11,NULL,NULL,'acceso_ruta_protegida','{\"ruta\": \"/api/Usuarios\", \"metodo\": \"GET\"}','2026-02-23 00:11:14'),(585,11,NULL,NULL,'login','{\"email\": \"admin@correo.com\"}','2026-02-23 00:11:16'),(586,11,NULL,NULL,'acceso_ruta_protegida','{\"ruta\": \"/api/marcas\", \"metodo\": \"GET\"}','2026-02-23 00:11:16'),(587,11,NULL,NULL,'acceso_ruta_protegida','{\"ruta\": \"/api/Usuarios\", \"metodo\": \"GET\"}','2026-02-23 00:11:18'),(588,11,NULL,NULL,'login','{\"email\": \"admin@correo.com\"}','2026-02-23 00:11:18'),(589,11,NULL,NULL,'acceso_ruta_protegida','{\"ruta\": \"/api/marcas\", \"metodo\": \"GET\"}','2026-02-23 00:11:18'),(590,11,NULL,NULL,'acceso_ruta_protegida','{\"ruta\": \"/api/Usuarios\", \"metodo\": \"GET\"}','2026-02-23 00:11:23'),(591,11,NULL,NULL,'login','{\"email\": \"admin@correo.com\"}','2026-02-23 00:11:25'),(592,11,NULL,NULL,'acceso_ruta_protegida','{\"ruta\": \"/api/marcas\", \"metodo\": \"GET\"}','2026-02-23 00:11:25'),(593,11,NULL,NULL,'acceso_ruta_protegida','{\"ruta\": \"/api/Usuarios\", \"metodo\": \"GET\"}','2026-02-23 00:11:26'),(594,11,NULL,NULL,'login','{\"email\": \"admin@correo.com\"}','2026-02-23 00:11:27'),(595,11,NULL,NULL,'acceso_ruta_protegida','{\"ruta\": \"/api/marcas\", \"metodo\": \"GET\"}','2026-02-23 00:11:27'),(596,11,NULL,NULL,'acceso_ruta_protegida','{\"ruta\": \"/api/Usuarios\", \"metodo\": \"GET\"}','2026-02-23 00:11:28'),(597,11,NULL,NULL,'login','{\"email\": \"admin@correo.com\"}','2026-02-23 00:12:37'),(598,11,NULL,NULL,'acceso_ruta_protegida','{\"ruta\": \"/api/marcas\", \"metodo\": \"GET\"}','2026-02-23 00:12:37'),(599,11,NULL,NULL,'acceso_ruta_protegida','{\"ruta\": \"/api/Usuarios\", \"metodo\": \"GET\"}','2026-02-23 00:12:45'),(600,11,NULL,NULL,'login','{\"email\": \"admin@correo.com\"}','2026-02-23 00:12:52'),(601,11,NULL,NULL,'acceso_ruta_protegida','{\"ruta\": \"/api/marcas\", \"metodo\": \"GET\"}','2026-02-23 00:12:52'),(602,11,NULL,NULL,'acceso_ruta_protegida','{\"ruta\": \"/api/Usuarios\", \"metodo\": \"GET\"}','2026-02-23 00:16:09'),(603,11,NULL,NULL,'login','{\"email\": \"admin@correo.com\"}','2026-02-23 00:16:26'),(604,11,NULL,NULL,'acceso_ruta_protegida','{\"ruta\": \"/api/marcas\", \"metodo\": \"GET\"}','2026-02-23 00:16:26'),(605,11,NULL,NULL,'acceso_ruta_protegida','{\"ruta\": \"/api/Usuarios\", \"metodo\": \"GET\"}','2026-02-23 00:16:28'),(606,11,NULL,NULL,'login','{\"email\": \"admin@correo.com\"}','2026-02-23 01:23:39'),(607,11,NULL,NULL,'acceso_ruta_protegida','{\"ruta\": \"/api/marcas\", \"metodo\": \"GET\"}','2026-02-23 01:23:39'),(608,11,NULL,NULL,'acceso_ruta_protegida','{\"ruta\": \"/api/Usuarios\", \"metodo\": \"GET\"}','2026-02-23 01:23:49'),(609,11,NULL,NULL,'login','{\"email\": \"admin@correo.com\"}','2026-02-23 01:23:57'),(610,11,NULL,NULL,'acceso_ruta_protegida','{\"ruta\": \"/api/marcas\", \"metodo\": \"GET\"}','2026-02-23 01:23:57'),(611,11,NULL,NULL,'acceso_ruta_protegida','{\"ruta\": \"/api/Usuarios\", \"metodo\": \"GET\"}','2026-02-23 01:23:57'),(612,11,NULL,NULL,'login','{\"email\": \"admin@correo.com\"}','2026-02-23 01:25:30'),(613,11,NULL,NULL,'acceso_ruta_protegida','{\"ruta\": \"/api/usuarios\", \"metodo\": \"GET\"}','2026-02-23 01:28:05'),(614,11,NULL,NULL,'login','{\"email\": \"admin@correo.com\"}','2026-02-23 01:28:09'),(615,11,NULL,NULL,'acceso_ruta_protegida','{\"ruta\": \"/api/usuarios\", \"metodo\": \"GET\"}','2026-02-23 01:28:14'),(616,11,NULL,NULL,'acceso_ruta_protegida','{\"ruta\": \"/api/usuarios\", \"metodo\": \"GET\"}','2026-02-23 01:29:40'),(617,4,NULL,NULL,'login','{\"email\": \"test@correo.com\"}','2026-02-23 01:30:36'),(618,4,NULL,NULL,'acceso_ruta_protegida','{\"ruta\": \"/api/usuarios\", \"metodo\": \"GET\"}','2026-02-23 01:30:40'),(619,11,NULL,NULL,'login','{\"email\": \"admin@correo.com\"}','2026-02-23 01:30:52'),(620,11,NULL,NULL,'acceso_ruta_protegida','{\"ruta\": \"/api/usuarios\", \"metodo\": \"GET\"}','2026-02-23 01:30:55'),(621,11,NULL,NULL,'acceso_ruta_protegida','{\"ruta\": \"/api/usuarios\", \"metodo\": \"GET\"}','2026-02-23 01:31:22'),(622,11,NULL,NULL,'login','{\"email\": \"admin@correo.com\"}','2026-02-23 01:31:33'),(623,11,NULL,NULL,'acceso_ruta_protegida','{\"ruta\": \"/api/usuarios\", \"metodo\": \"GET\"}','2026-02-23 01:31:35'),(624,11,NULL,NULL,'login','{\"email\": \"admin@correo.com\"}','2026-02-23 01:33:11'),(625,11,NULL,NULL,'acceso_ruta_protegida','{\"ruta\": \"/api/usuarios\", \"metodo\": \"GET\"}','2026-02-23 01:33:14'),(626,11,NULL,NULL,'login','{\"email\": \"admin@correo.com\"}','2026-02-23 01:53:43'),(627,11,NULL,NULL,'acceso_ruta_protegida','{\"ruta\": \"/api/usuarios\", \"metodo\": \"GET\"}','2026-02-23 01:53:52'),(628,11,NULL,NULL,'login','{\"email\": \"admin@correo.com\"}','2026-02-23 01:54:46'),(629,11,NULL,NULL,'acceso_ruta_protegida','{\"ruta\": \"/api/usuarios\", \"metodo\": \"GET\"}','2026-02-23 01:54:48'),(630,11,NULL,NULL,'login','{\"email\": \"admin@correo.com\"}','2026-02-23 01:55:06'),(631,11,NULL,NULL,'acceso_ruta_protegida','{\"ruta\": \"/api/usuarios\", \"metodo\": \"GET\"}','2026-02-23 01:55:09'),(632,11,NULL,NULL,'login','{\"email\": \"admin@correo.com\"}','2026-02-23 01:55:53'),(633,11,NULL,NULL,'acceso_ruta_protegida','{\"ruta\": \"/api/usuarios\", \"metodo\": \"GET\"}','2026-02-23 01:55:56'),(634,11,NULL,NULL,'login','{\"email\": \"admin@correo.com\"}','2026-02-23 01:57:29'),(635,11,NULL,NULL,'acceso_ruta_protegida','{\"ruta\": \"/api/usuarios\", \"metodo\": \"GET\"}','2026-02-23 01:57:32'),(636,11,NULL,NULL,'login','{\"email\": \"admin@correo.com\"}','2026-02-23 02:01:27'),(637,11,NULL,NULL,'acceso_ruta_protegida','{\"ruta\": \"/api/usuarios\", \"metodo\": \"GET\"}','2026-02-23 02:01:30'),(638,11,NULL,NULL,'login','{\"email\": \"admin@correo.com\"}','2026-02-23 02:01:45'),(639,11,NULL,NULL,'acceso_ruta_protegida','{\"ruta\": \"/api/marcas\", \"metodo\": \"GET\"}','2026-02-23 02:01:45'),(640,11,NULL,NULL,'acceso_ruta_protegida','{\"ruta\": \"/api/Usuarios\", \"metodo\": \"GET\"}','2026-02-23 02:01:49'),(641,11,NULL,NULL,'acceso_ruta_protegida','{\"ruta\": \"/api/Usuarios\", \"metodo\": \"GET\"}','2026-02-23 02:02:25'),(642,11,NULL,NULL,'acceso_ruta_protegida','{\"ruta\": \"/api/Usuarios\", \"metodo\": \"GET\"}','2026-02-23 02:02:33'),(643,11,NULL,NULL,'acceso_ruta_protegida','{\"ruta\": \"/api/Usuarios\", \"metodo\": \"GET\"}','2026-02-23 02:02:44'),(644,11,NULL,NULL,'acceso_ruta_protegida','{\"ruta\": \"/api/Usuarios\", \"metodo\": \"GET\"}','2026-02-23 02:02:46'),(645,11,NULL,NULL,'acceso_ruta_protegida','{\"ruta\": \"/api/Usuarios\", \"metodo\": \"GET\"}','2026-02-23 02:02:48'),(646,11,NULL,NULL,'acceso_ruta_protegida','{\"ruta\": \"/api/Usuarios\", \"metodo\": \"GET\"}','2026-02-23 02:02:50'),(647,11,NULL,NULL,'acceso_ruta_protegida','{\"ruta\": \"/api/reporte/mis-reportes\", \"metodo\": \"GET\"}','2026-02-23 02:04:07'),(648,11,NULL,NULL,'ver_mis_reportes','{\"reportes\": []}','2026-02-23 02:04:07'),(649,11,NULL,NULL,'acceso_ruta_protegida','{\"ruta\": \"/api/Usuarios\", \"metodo\": \"GET\"}','2026-02-23 02:04:09'),(650,11,NULL,NULL,'acceso_ruta_protegida','{\"ruta\": \"/api/marcas\", \"metodo\": \"GET\"}','2026-02-23 02:04:11'),(651,11,NULL,NULL,'acceso_ruta_protegida','{\"ruta\": \"/api/Usuarios\", \"metodo\": \"GET\"}','2026-02-23 02:04:13'),(652,11,NULL,NULL,'acceso_ruta_protegida','{\"ruta\": \"/api/Usuarios\", \"metodo\": \"GET\"}','2026-02-23 02:04:31'),(653,11,NULL,NULL,'acceso_ruta_protegida','{\"ruta\": \"/api/Usuarios\", \"metodo\": \"GET\"}','2026-02-23 02:04:37'),(654,11,NULL,NULL,'acceso_ruta_protegida','{\"ruta\": \"/api/Usuarios\", \"metodo\": \"GET\"}','2026-02-23 02:04:49'),(655,11,NULL,NULL,'acceso_ruta_protegida','{\"ruta\": \"/api/marcas\", \"metodo\": \"GET\"}','2026-02-23 02:04:52'),(656,11,NULL,NULL,'acceso_ruta_protegida','{\"ruta\": \"/api/Usuarios\", \"metodo\": \"GET\"}','2026-02-23 02:04:53'),(657,11,NULL,NULL,'acceso_ruta_protegida','{\"ruta\": \"/api/reporte/mis-reportes\", \"metodo\": \"GET\"}','2026-02-23 02:11:45'),(658,11,NULL,NULL,'ver_mis_reportes','{\"reportes\": []}','2026-02-23 02:11:45'),(659,11,NULL,NULL,'acceso_ruta_protegida','{\"ruta\": \"/api/Usuarios\", \"metodo\": \"GET\"}','2026-02-23 02:11:46'),(660,11,NULL,NULL,'acceso_ruta_protegida','{\"ruta\": \"/api/reporte/mis-reportes\", \"metodo\": \"GET\"}','2026-02-23 02:12:53'),(661,11,NULL,NULL,'ver_mis_reportes','{\"reportes\": []}','2026-02-23 02:12:53'),(662,11,NULL,NULL,'acceso_ruta_protegida','{\"ruta\": \"/api/Usuarios\", \"metodo\": \"GET\"}','2026-02-23 02:12:54'),(663,11,NULL,NULL,'acceso_ruta_protegida','{\"ruta\": \"/api/reporte/mis-reportes\", \"metodo\": \"GET\"}','2026-02-23 02:13:14'),(664,11,NULL,NULL,'ver_mis_reportes','{\"reportes\": []}','2026-02-23 02:13:14'),(665,11,NULL,NULL,'acceso_ruta_protegida','{\"ruta\": \"/api/Usuarios\", \"metodo\": \"GET\"}','2026-02-23 02:13:15'),(666,11,NULL,NULL,'login','{\"email\": \"admin@correo.com\"}','2026-02-23 02:13:27'),(667,11,NULL,NULL,'acceso_ruta_protegida','{\"ruta\": \"/api/marcas\", \"metodo\": \"GET\"}','2026-02-23 02:13:27'),(668,11,NULL,NULL,'acceso_ruta_protegida','{\"ruta\": \"/api/Usuarios\", \"metodo\": \"GET\"}','2026-02-23 02:13:28'),(669,11,NULL,NULL,'acceso_ruta_protegida','{\"ruta\": \"/api/marcas\", \"metodo\": \"GET\"}','2026-02-23 02:14:49'),(670,11,NULL,NULL,'acceso_ruta_protegida','{\"ruta\": \"/api/Usuarios\", \"metodo\": \"GET\"}','2026-02-23 02:14:50'),(671,11,NULL,NULL,'acceso_ruta_protegida','{\"ruta\": \"/api/Usuarios\", \"metodo\": \"GET\"}','2026-02-23 02:15:00'),(672,11,NULL,NULL,'login','{\"email\": \"admin@correo.com\"}','2026-02-23 02:15:03'),(673,11,NULL,NULL,'acceso_ruta_protegida','{\"ruta\": \"/api/marcas\", \"metodo\": \"GET\"}','2026-02-23 02:15:03'),(674,11,NULL,NULL,'acceso_ruta_protegida','{\"ruta\": \"/api/Usuarios\", \"metodo\": \"GET\"}','2026-02-23 02:15:03'),(675,11,NULL,NULL,'acceso_ruta_protegida','{\"ruta\": \"/api/Usuarios\", \"metodo\": \"GET\"}','2026-02-23 02:15:43'),(676,13,NULL,NULL,'registro','{\"email\": \"prueba@correo.com\", \"roleId\": 2, \"username\": \"prueba\"}','2026-02-23 02:16:50'),(677,11,NULL,NULL,'acceso_ruta_protegida','{\"ruta\": \"/api/Usuarios\", \"metodo\": \"GET\"}','2026-02-23 02:16:50'),(678,11,NULL,NULL,'login','{\"email\": \"admin@correo.com\"}','2026-02-23 02:49:35'),(679,11,NULL,NULL,'acceso_ruta_protegida','{\"ruta\": \"/api/marcas\", \"metodo\": \"GET\"}','2026-02-23 02:49:35'),(680,11,NULL,NULL,'acceso_ruta_protegida','{\"ruta\": \"/api/Usuarios\", \"metodo\": \"GET\"}','2026-02-23 02:49:37'),(681,11,NULL,NULL,'acceso_ruta_protegida','{\"ruta\": \"/api/Usuarios\", \"metodo\": \"GET\"}','2026-02-23 02:51:31'),(682,11,NULL,NULL,'login','{\"email\": \"admin@correo.com\"}','2026-02-23 02:51:35'),(683,11,NULL,NULL,'acceso_ruta_protegida','{\"ruta\": \"/api/marcas\", \"metodo\": \"GET\"}','2026-02-23 02:51:35'),(684,11,NULL,NULL,'acceso_ruta_protegida','{\"ruta\": \"/api/Usuarios\", \"metodo\": \"GET\"}','2026-02-23 02:51:36'),(685,11,NULL,NULL,'acceso_ruta_protegida','{\"ruta\": \"/api/usuarios/2/desactivar\", \"metodo\": \"PATCH\"}','2026-02-23 02:51:45'),(686,11,NULL,NULL,'acceso_ruta_protegida','{\"ruta\": \"/api/Usuarios\", \"metodo\": \"GET\"}','2026-02-23 02:51:47'),(687,11,NULL,NULL,'acceso_ruta_protegida','{\"ruta\": \"/api/usuarios/2/activar\", \"metodo\": \"PATCH\"}','2026-02-23 02:51:49'),(688,11,NULL,NULL,'acceso_ruta_protegida','{\"ruta\": \"/api/Usuarios\", \"metodo\": \"GET\"}','2026-02-23 02:52:06'),(689,11,NULL,NULL,'acceso_ruta_protegida','{\"ruta\": \"/api/marcas\", \"metodo\": \"GET\"}','2026-02-23 02:52:10'),(690,11,NULL,NULL,'acceso_ruta_protegida','{\"ruta\": \"/api/Usuarios\", \"metodo\": \"GET\"}','2026-02-23 02:52:12'),(691,11,NULL,NULL,'acceso_ruta_protegida','{\"ruta\": \"/api/usuarios/2/desactivar\", \"metodo\": \"PATCH\"}','2026-02-23 02:52:15'),(692,11,NULL,NULL,'acceso_ruta_protegida','{\"ruta\": \"/api/Usuarios\", \"metodo\": \"GET\"}','2026-02-23 02:52:17'),(693,11,NULL,NULL,'acceso_ruta_protegida','{\"ruta\": \"/api/marcas\", \"metodo\": \"GET\"}','2026-02-23 02:52:18'),(694,11,NULL,NULL,'acceso_ruta_protegida','{\"ruta\": \"/api/Usuarios\", \"metodo\": \"GET\"}','2026-02-23 02:52:19'),(695,11,NULL,NULL,'acceso_ruta_protegida','{\"ruta\": \"/api/usuarios/2/activar\", \"metodo\": \"PATCH\"}','2026-02-23 02:52:33'),(696,11,NULL,NULL,'acceso_ruta_protegida','{\"ruta\": \"/api/Usuarios\", \"metodo\": \"GET\"}','2026-02-23 02:52:35'),(697,11,NULL,NULL,'acceso_ruta_protegida','{\"ruta\": \"/api/usuarios/2\", \"metodo\": \"PUT\"}','2026-02-23 02:53:10'),(698,11,NULL,NULL,'acceso_ruta_protegida','{\"ruta\": \"/api/Usuarios\", \"metodo\": \"GET\"}','2026-02-23 02:53:10'),(699,11,NULL,NULL,'acceso_ruta_protegida','{\"ruta\": \"/api/usuarios/2\", \"metodo\": \"PUT\"}','2026-02-23 02:54:21'),(700,11,NULL,NULL,'acceso_ruta_protegida','{\"ruta\": \"/api/Usuarios\", \"metodo\": \"GET\"}','2026-02-23 02:54:21'),(701,11,NULL,NULL,'acceso_ruta_protegida','{\"ruta\": \"/api/usuarios/2/desactivar\", \"metodo\": \"PATCH\"}','2026-02-23 02:54:36'),(702,11,NULL,NULL,'acceso_ruta_protegida','{\"ruta\": \"/api/Usuarios\", \"metodo\": \"GET\"}','2026-02-23 02:54:37'),(703,11,NULL,NULL,'acceso_ruta_protegida','{\"ruta\": \"/api/usuarios/2/activar\", \"metodo\": \"PATCH\"}','2026-02-23 02:54:43'),(704,11,NULL,NULL,'acceso_ruta_protegida','{\"ruta\": \"/api/Usuarios\", \"metodo\": \"GET\"}','2026-02-23 02:54:45'),(705,11,NULL,NULL,'acceso_ruta_protegida','{\"ruta\": \"/api/usuarios/2\", \"metodo\": \"PUT\"}','2026-02-23 02:54:59'),(706,11,NULL,NULL,'acceso_ruta_protegida','{\"ruta\": \"/api/Usuarios\", \"metodo\": \"GET\"}','2026-02-23 02:54:59'),(707,11,NULL,NULL,'login','{\"email\": \"admin@correo.com\"}','2026-02-23 15:59:03'),(708,11,NULL,NULL,'acceso_ruta_protegida','{\"ruta\": \"/api/marcas\", \"metodo\": \"GET\"}','2026-02-23 15:59:03'),(709,11,NULL,NULL,'acceso_ruta_protegida','{\"ruta\": \"/api/distribuidoras?marca=Seat\", \"metodo\": \"GET\"}','2026-02-23 15:59:11'),(710,11,NULL,NULL,'acceso_ruta_protegida','{\"ruta\": \"/api/reporte\", \"metodo\": \"POST\"}','2026-02-23 15:59:29'),(711,11,'Seat','5514','crear_reporte','{\"marca\": \"Seat\", \"distribuidoras\": [\"5514\"]}','2026-02-23 16:01:54'),(712,11,NULL,NULL,'login','{\"email\": \"admin@correo.com\"}','2026-02-24 23:56:28'),(713,11,NULL,NULL,'acceso_ruta_protegida','{\"ruta\": \"/api/marcas\", \"metodo\": \"GET\"}','2026-02-24 23:56:28'),(714,11,NULL,NULL,'acceso_ruta_protegida','{\"ruta\": \"/api/Usuarios\", \"metodo\": \"GET\"}','2026-02-24 23:56:30'),(715,11,NULL,NULL,'login','{\"email\": \"admin@correo.com\"}','2026-02-24 23:57:06'),(716,11,NULL,NULL,'acceso_ruta_protegida','{\"ruta\": \"/api/marcas\", \"metodo\": \"GET\"}','2026-02-24 23:57:06'),(717,11,NULL,NULL,'acceso_ruta_protegida','{\"ruta\": \"/api/Usuarios\", \"metodo\": \"GET\"}','2026-02-24 23:57:09'),(718,11,NULL,NULL,'login','{\"email\": \"admin@correo.com\"}','2026-02-24 23:58:41'),(719,11,NULL,NULL,'acceso_ruta_protegida','{\"ruta\": \"/api/marcas\", \"metodo\": \"GET\"}','2026-02-24 23:58:41'),(720,11,NULL,NULL,'acceso_ruta_protegida','{\"ruta\": \"/api/Usuarios\", \"metodo\": \"GET\"}','2026-02-24 23:58:42'),(721,11,NULL,NULL,'login','{\"email\": \"admin@correo.com\"}','2026-02-25 00:09:36'),(722,11,NULL,NULL,'acceso_ruta_protegida','{\"ruta\": \"/api/marcas\", \"metodo\": \"GET\"}','2026-02-25 00:09:36'),(723,11,NULL,NULL,'acceso_ruta_protegida','{\"ruta\": \"/api/Usuarios\", \"metodo\": \"GET\"}','2026-02-25 00:09:37'),(724,11,NULL,NULL,'login','{\"email\": \"admin@correo.com\"}','2026-02-25 00:12:06'),(725,11,NULL,NULL,'acceso_ruta_protegida','{\"ruta\": \"/api/marcas\", \"metodo\": \"GET\"}','2026-02-25 00:12:06'),(726,11,NULL,NULL,'acceso_ruta_protegida','{\"ruta\": \"/api/Usuarios\", \"metodo\": \"GET\"}','2026-02-25 00:12:08'),(727,11,NULL,NULL,'login','{\"email\": \"admin@correo.com\"}','2026-02-25 17:20:56'),(728,11,NULL,NULL,'acceso_ruta_protegida','{\"ruta\": \"/api/marcas\", \"metodo\": \"GET\"}','2026-02-25 17:20:56'),(729,11,NULL,NULL,'acceso_ruta_protegida','{\"ruta\": \"/api/Usuarios\", \"metodo\": \"GET\"}','2026-02-25 17:20:57'),(730,11,NULL,NULL,'acceso_ruta_protegida','{\"ruta\": \"/api/usuarios/2\", \"metodo\": \"PUT\"}','2026-02-25 17:21:18'),(731,11,NULL,NULL,'acceso_ruta_protegida','{\"ruta\": \"/api/Usuarios\", \"metodo\": \"GET\"}','2026-02-25 17:21:18'),(732,11,NULL,NULL,'login','{\"email\": \"admin@correo.com\"}','2026-02-25 17:21:39'),(733,11,NULL,NULL,'acceso_ruta_protegida','{\"ruta\": \"/api/marcas\", \"metodo\": \"GET\"}','2026-02-25 17:21:39'),(734,11,NULL,NULL,'acceso_ruta_protegida','{\"ruta\": \"/api/Usuarios\", \"metodo\": \"GET\"}','2026-02-25 17:21:40'),(735,11,NULL,NULL,'acceso_ruta_protegida','{\"ruta\": \"/api/Usuarios\", \"metodo\": \"GET\"}','2026-02-25 17:22:03'),(736,11,NULL,NULL,'acceso_ruta_protegida','{\"ruta\": \"/api/usuarios/2/desactivar\", \"metodo\": \"PATCH\"}','2026-02-25 17:22:44'),(737,11,NULL,NULL,'acceso_ruta_protegida','{\"ruta\": \"/api/Usuarios\", \"metodo\": \"GET\"}','2026-02-25 17:22:44'),(738,11,NULL,NULL,'acceso_ruta_protegida','{\"ruta\": \"/api/usuarios/2\", \"metodo\": \"PUT\"}','2026-02-25 17:23:20'),(739,11,NULL,NULL,'acceso_ruta_protegida','{\"ruta\": \"/api/Usuarios\", \"metodo\": \"GET\"}','2026-02-25 17:23:20'),(740,11,NULL,NULL,'login','{\"email\": \"admin@correo.com\"}','2026-02-25 17:24:15'),(741,11,NULL,NULL,'acceso_ruta_protegida','{\"ruta\": \"/api/marcas\", \"metodo\": \"GET\"}','2026-02-25 17:24:15'),(742,11,NULL,NULL,'acceso_ruta_protegida','{\"ruta\": \"/api/Usuarios\", \"metodo\": \"GET\"}','2026-02-25 17:24:16'),(743,11,NULL,NULL,'acceso_ruta_protegida','{\"ruta\": \"/api/usuarios/2/activar\", \"metodo\": \"PATCH\"}','2026-02-25 17:28:03'),(744,11,NULL,NULL,'acceso_ruta_protegida','{\"ruta\": \"/api/Usuarios\", \"metodo\": \"GET\"}','2026-02-25 17:28:03'),(745,11,NULL,NULL,'acceso_ruta_protegida','{\"ruta\": \"/api/usuarios/2\", \"metodo\": \"PUT\"}','2026-02-25 17:28:18'),(746,11,NULL,NULL,'acceso_ruta_protegida','{\"ruta\": \"/api/Usuarios\", \"metodo\": \"GET\"}','2026-02-25 17:28:18'),(747,2,NULL,NULL,'login','{\"email\": \"nuevo@correo.com\"}','2026-02-25 17:28:40'),(748,2,NULL,NULL,'acceso_ruta_protegida','{\"ruta\": \"/api/marcas\", \"metodo\": \"GET\"}','2026-02-25 17:28:40'),(749,2,NULL,NULL,'acceso_ruta_protegida','{\"ruta\": \"/api/reporte/mis-reportes\", \"metodo\": \"GET\"}','2026-02-25 17:28:48'),(750,2,NULL,NULL,'ver_mis_reportes','{\"reportes\": []}','2026-02-25 17:28:48'),(751,2,NULL,NULL,'acceso_ruta_protegida','{\"ruta\": \"/api/marcas\", \"metodo\": \"GET\"}','2026-02-25 17:28:49'),(752,11,NULL,NULL,'login','{\"email\": \"admin@correo.com\"}','2026-02-25 17:28:55'),(753,11,NULL,NULL,'acceso_ruta_protegida','{\"ruta\": \"/api/marcas\", \"metodo\": \"GET\"}','2026-02-25 17:28:55'),(754,11,NULL,NULL,'acceso_ruta_protegida','{\"ruta\": \"/api/Usuarios\", \"metodo\": \"GET\"}','2026-02-25 17:28:56'),(755,11,NULL,NULL,'acceso_ruta_protegida','{\"ruta\": \"/api/usuarios/2\", \"metodo\": \"PUT\"}','2026-02-25 17:29:10'),(756,11,NULL,NULL,'acceso_ruta_protegida','{\"ruta\": \"/api/Usuarios\", \"metodo\": \"GET\"}','2026-02-25 17:29:10'),(757,2,NULL,NULL,'login','{\"email\": \"nuevo@correo.com\"}','2026-02-25 17:29:25'),(758,2,NULL,NULL,'acceso_ruta_protegida','{\"ruta\": \"/api/marcas\", \"metodo\": \"GET\"}','2026-02-25 17:29:25'),(759,2,NULL,NULL,'acceso_ruta_protegida','{\"ruta\": \"/api/Usuarios\", \"metodo\": \"GET\"}','2026-02-25 17:29:30'),(760,2,NULL,NULL,'acceso_ruta_protegida','{\"ruta\": \"/api/usuarios/2/desactivar\", \"metodo\": \"PATCH\"}','2026-02-25 17:29:33'),(761,2,NULL,NULL,'acceso_ruta_protegida','{\"ruta\": \"/api/Usuarios\", \"metodo\": \"GET\"}','2026-02-25 17:29:33'),(762,2,NULL,NULL,'login','{\"email\": \"nuevo@correo.com\"}','2026-02-25 17:29:38'),(763,2,NULL,NULL,'acceso_ruta_protegida','{\"ruta\": \"/api/marcas\", \"metodo\": \"GET\"}','2026-02-25 17:29:38'),(764,2,NULL,NULL,'acceso_ruta_protegida','{\"ruta\": \"/api/Usuarios\", \"metodo\": \"GET\"}','2026-02-25 17:29:40'),(765,11,NULL,NULL,'login','{\"email\": \"admin@correo.com\"}','2026-02-25 17:29:47'),(766,11,NULL,NULL,'acceso_ruta_protegida','{\"ruta\": \"/api/marcas\", \"metodo\": \"GET\"}','2026-02-25 17:29:47'),(767,11,NULL,NULL,'acceso_ruta_protegida','{\"ruta\": \"/api/Usuarios\", \"metodo\": \"GET\"}','2026-02-25 17:29:49'),(768,11,NULL,NULL,'acceso_ruta_protegida','{\"ruta\": \"/api/usuarios/2/activar\", \"metodo\": \"PATCH\"}','2026-02-25 17:30:01'),(769,11,NULL,NULL,'acceso_ruta_protegida','{\"ruta\": \"/api/Usuarios\", \"metodo\": \"GET\"}','2026-02-25 17:30:01'),(770,2,NULL,NULL,'login','{\"email\": \"nuevo@correo.com\"}','2026-02-25 17:30:11'),(771,2,NULL,NULL,'acceso_ruta_protegida','{\"ruta\": \"/api/marcas\", \"metodo\": \"GET\"}','2026-02-25 17:30:11'),(772,2,NULL,NULL,'acceso_ruta_protegida','{\"ruta\": \"/api/Usuarios\", \"metodo\": \"GET\"}','2026-02-25 17:30:13'),(773,2,NULL,NULL,'acceso_ruta_protegida','{\"ruta\": \"/api/usuarios/2/desactivar\", \"metodo\": \"PATCH\"}','2026-02-25 17:30:16'),(774,2,NULL,NULL,'acceso_ruta_protegida','{\"ruta\": \"/api/Usuarios\", \"metodo\": \"GET\"}','2026-02-25 17:30:16'),(775,2,NULL,NULL,'acceso_ruta_protegida','{\"ruta\": \"/api/Usuarios\", \"metodo\": \"GET\"}','2026-02-25 17:30:20'),(776,2,NULL,NULL,'login','{\"email\": \"nuevo@correo.com\"}','2026-02-25 17:30:31'),(777,2,NULL,NULL,'acceso_ruta_protegida','{\"ruta\": \"/api/marcas\", \"metodo\": \"GET\"}','2026-02-25 17:30:31'),(778,2,NULL,NULL,'acceso_ruta_protegida','{\"ruta\": \"/api/Usuarios\", \"metodo\": \"GET\"}','2026-02-25 17:30:33'),(779,11,NULL,NULL,'login','{\"email\": \"admin@correo.com\"}','2026-02-25 17:30:45'),(780,11,NULL,NULL,'acceso_ruta_protegida','{\"ruta\": \"/api/marcas\", \"metodo\": \"GET\"}','2026-02-25 17:30:45'),(781,11,NULL,NULL,'acceso_ruta_protegida','{\"ruta\": \"/api/Usuarios\", \"metodo\": \"GET\"}','2026-02-25 17:33:05'),(782,11,NULL,NULL,'acceso_ruta_protegida','{\"ruta\": \"/api/usuarios/2\", \"metodo\": \"PUT\"}','2026-02-25 17:33:12'),(783,11,NULL,NULL,'acceso_ruta_protegida','{\"ruta\": \"/api/Usuarios\", \"metodo\": \"GET\"}','2026-02-25 17:33:12'),(784,2,NULL,NULL,'login','{\"email\": \"nuevo@correo.com\"}','2026-02-25 17:33:22'),(785,2,NULL,NULL,'acceso_ruta_protegida','{\"ruta\": \"/api/marcas\", \"metodo\": \"GET\"}','2026-02-25 17:33:22'),(786,11,NULL,NULL,'login','{\"email\": \"admin@correo.com\"}','2026-02-25 19:20:52'),(787,11,NULL,NULL,'login','{\"email\": \"admin@correo.com\"}','2026-02-27 03:47:48'),(788,11,NULL,NULL,'acceso_ruta_protegida','{\"ruta\": \"/api/marcas\", \"metodo\": \"GET\"}','2026-02-27 03:47:48'),(789,11,NULL,NULL,'acceso_ruta_protegida','{\"ruta\": \"/api/Usuarios\", \"metodo\": \"GET\"}','2026-02-27 03:47:49'),(790,11,NULL,NULL,'acceso_ruta_protegida','{\"ruta\": \"/api/auditoria\", \"metodo\": \"GET\"}','2026-02-27 03:47:51'),(791,11,NULL,NULL,'acceso_ruta_protegida','{\"ruta\": \"/api/Usuarios\", \"metodo\": \"GET\"}','2026-02-27 03:47:54'),(792,11,NULL,NULL,'acceso_ruta_protegida','{\"ruta\": \"/api/usuarios/2/activar\", \"metodo\": \"PATCH\"}','2026-02-27 03:47:57'),(793,11,NULL,NULL,'acceso_ruta_protegida','{\"ruta\": \"/api/Usuarios\", \"metodo\": \"GET\"}','2026-02-27 03:47:57'),(794,11,NULL,NULL,'acceso_ruta_protegida','{\"ruta\": \"/api/auditoria\", \"metodo\": \"GET\"}','2026-02-27 03:47:58'),(795,11,NULL,NULL,'acceso_ruta_protegida','{\"ruta\": \"/api/auditoria\", \"metodo\": \"GET\"}','2026-02-27 03:48:18'),(796,11,NULL,NULL,'acceso_ruta_protegida','{\"ruta\": \"/api/Usuarios\", \"metodo\": \"GET\"}','2026-02-27 03:48:20'),(797,11,NULL,NULL,'login','{\"email\": \"admin@correo.com\"}','2026-02-27 03:48:26'),(798,11,NULL,NULL,'acceso_ruta_protegida','{\"ruta\": \"/api/marcas\", \"metodo\": \"GET\"}','2026-02-27 03:48:26'),(799,11,NULL,NULL,'acceso_ruta_protegida','{\"ruta\": \"/api/Usuarios\", \"metodo\": \"GET\"}','2026-02-27 03:48:35'),(800,11,NULL,NULL,'acceso_ruta_protegida','{\"ruta\": \"/api/usuarios/2/desactivar\", \"metodo\": \"PATCH\"}','2026-02-27 03:48:39'),(801,11,NULL,NULL,'acceso_ruta_protegida','{\"ruta\": \"/api/Usuarios\", \"metodo\": \"GET\"}','2026-02-27 03:48:39'),(802,11,NULL,NULL,'acceso_ruta_protegida','{\"ruta\": \"/api/auditoria\", \"metodo\": \"GET\"}','2026-02-27 03:48:58'),(803,11,NULL,NULL,'acceso_ruta_protegida','{\"ruta\": \"/api/auditoria\", \"metodo\": \"GET\"}','2026-02-27 03:52:42'),(804,11,NULL,NULL,'login','{\"email\": \"admin@correo.com\"}','2026-02-27 03:52:48'),(805,11,NULL,NULL,'acceso_ruta_protegida','{\"ruta\": \"/api/marcas\", \"metodo\": \"GET\"}','2026-02-27 03:52:48'),(806,11,NULL,NULL,'acceso_ruta_protegida','{\"ruta\": \"/api/Usuarios\", \"metodo\": \"GET\"}','2026-02-27 03:52:49'),(807,11,NULL,NULL,'acceso_ruta_protegida','{\"ruta\": \"/api/auditoria\", \"metodo\": \"GET\"}','2026-02-27 03:52:50'),(808,11,NULL,NULL,'acceso_ruta_protegida','{\"ruta\": \"/api/Usuarios\", \"metodo\": \"GET\"}','2026-02-27 03:53:02'),(809,11,NULL,NULL,'login','{\"email\": \"admin@correo.com\"}','2026-02-27 03:53:42'),(810,11,NULL,NULL,'acceso_ruta_protegida','{\"ruta\": \"/api/marcas\", \"metodo\": \"GET\"}','2026-02-27 03:53:42'),(811,11,NULL,NULL,'acceso_ruta_protegida','{\"ruta\": \"/api/Usuarios\", \"metodo\": \"GET\"}','2026-02-27 03:53:44'),(812,11,NULL,NULL,'acceso_ruta_protegida','{\"ruta\": \"/api/auditoria\", \"metodo\": \"GET\"}','2026-02-27 03:54:08'),(813,11,NULL,NULL,'acceso_ruta_protegida','{\"ruta\": \"/api/Usuarios\", \"metodo\": \"GET\"}','2026-02-27 03:54:10'),(814,11,NULL,NULL,'login','{\"email\": \"admin@correo.com\"}','2026-02-27 03:58:18'),(815,11,NULL,NULL,'acceso_ruta_protegida','{\"ruta\": \"/api/marcas\", \"metodo\": \"GET\"}','2026-02-27 03:58:18'),(816,11,NULL,NULL,'acceso_ruta_protegida','{\"ruta\": \"/api/Usuarios\", \"metodo\": \"GET\"}','2026-02-27 03:58:19'),(817,11,NULL,NULL,'acceso_ruta_protegida','{\"ruta\": \"/api/usuarios/3\", \"metodo\": \"PUT\"}','2026-02-27 03:58:38'),(818,11,NULL,NULL,'acceso_ruta_protegida','{\"ruta\": \"/api/Usuarios\", \"metodo\": \"GET\"}','2026-02-27 03:58:38'),(819,11,NULL,NULL,'acceso_ruta_protegida','{\"ruta\": \"/api/auditoria\", \"metodo\": \"GET\"}','2026-02-27 03:58:48'),(820,11,NULL,NULL,'acceso_ruta_protegida','{\"ruta\": \"/api/Usuarios\", \"metodo\": \"GET\"}','2026-02-27 04:01:10'),(821,11,NULL,NULL,'login','{\"email\": \"admin@correo.com\"}','2026-02-27 04:37:47'),(822,11,NULL,NULL,'acceso_ruta_protegida','{\"ruta\": \"/api/marcas\", \"metodo\": \"GET\"}','2026-02-27 04:37:47'),(823,11,NULL,NULL,'acceso_ruta_protegida','{\"ruta\": \"/api/Usuarios\", \"metodo\": \"GET\"}','2026-02-27 04:37:48'),(824,11,NULL,NULL,'acceso_ruta_protegida','{\"ruta\": \"/api/usuarios/4\", \"metodo\": \"PUT\"}','2026-02-27 04:38:10'),(825,11,NULL,NULL,'acceso_ruta_protegida','{\"ruta\": \"/api/Usuarios\", \"metodo\": \"GET\"}','2026-02-27 04:38:10'),(826,11,NULL,NULL,'acceso_ruta_protegida','{\"ruta\": \"/api/usuarios/4/desactivar\", \"metodo\": \"PATCH\"}','2026-02-27 04:38:19'),(827,11,NULL,NULL,'acceso_ruta_protegida','{\"ruta\": \"/api/Usuarios\", \"metodo\": \"GET\"}','2026-02-27 04:38:19'),(828,4,NULL,NULL,'login','{\"email\": \"test@correo.com\"}','2026-02-27 04:38:32'),(829,4,NULL,NULL,'acceso_ruta_protegida','{\"ruta\": \"/api/marcas\", \"metodo\": \"GET\"}','2026-02-27 04:38:32'),(830,11,NULL,NULL,'login','{\"email\": \"admin@correo.com\"}','2026-02-27 04:38:47'),(831,11,NULL,NULL,'acceso_ruta_protegida','{\"ruta\": \"/api/marcas\", \"metodo\": \"GET\"}','2026-02-27 04:38:47'),(832,11,NULL,NULL,'login','{\"email\": \"admin@correo.com\"}','2026-02-27 04:39:05'),(833,11,NULL,NULL,'acceso_ruta_protegida','{\"ruta\": \"/api/marcas\", \"metodo\": \"GET\"}','2026-02-27 04:39:06'),(834,11,NULL,NULL,'login','{\"email\": \"admin@correo.com\"}','2026-02-27 04:53:22'),(835,11,NULL,NULL,'acceso_ruta_protegida','{\"ruta\": \"/api/marcas\", \"metodo\": \"GET\"}','2026-02-27 04:53:22'),(836,11,NULL,NULL,'acceso_ruta_protegida','{\"ruta\": \"/api/reporte/mis-reportes\", \"metodo\": \"GET\"}','2026-02-27 04:53:23'),(837,11,NULL,NULL,'login','{\"email\": \"admin@correo.com\"}','2026-02-27 04:53:30'),(838,11,NULL,NULL,'acceso_ruta_protegida','{\"ruta\": \"/api/marcas\", \"metodo\": \"GET\"}','2026-02-27 04:53:30'),(839,11,NULL,NULL,'acceso_ruta_protegida','{\"ruta\": \"/api/reporte/mis-reportes\", \"metodo\": \"GET\"}','2026-02-27 04:53:32'),(840,11,NULL,NULL,'login','{\"email\": \"admin@correo.com\"}','2026-02-27 05:12:51'),(841,11,NULL,NULL,'acceso_ruta_protegida','{\"ruta\": \"/api/marcas\", \"metodo\": \"GET\"}','2026-02-27 05:12:51'),(842,11,NULL,NULL,'acceso_ruta_protegida','{\"ruta\": \"/api/marcas\", \"metodo\": \"GET\"}','2026-02-27 05:12:57'),(843,11,NULL,NULL,'login','{\"email\": \"admin@correo.com\"}','2026-02-27 05:13:01'),(844,11,NULL,NULL,'acceso_ruta_protegida','{\"ruta\": \"/api/marcas\", \"metodo\": \"GET\"}','2026-02-27 05:13:01'),(845,11,NULL,NULL,'acceso_ruta_protegida','{\"ruta\": \"/api/reporte/mis-reportes\", \"metodo\": \"GET\"}','2026-02-27 05:15:33'),(846,11,NULL,NULL,'login','{\"email\": \"admin@correo.com\"}','2026-02-27 05:15:45'),(847,11,NULL,NULL,'acceso_ruta_protegida','{\"ruta\": \"/api/marcas\", \"metodo\": \"GET\"}','2026-02-27 05:15:45'),(848,11,NULL,NULL,'acceso_ruta_protegida','{\"ruta\": \"/api/Usuarios\", \"metodo\": \"GET\"}','2026-02-27 05:15:46'),(849,11,NULL,NULL,'acceso_ruta_protegida','{\"ruta\": \"/api/reporte/mis-reportes\", \"metodo\": \"GET\"}','2026-02-27 05:15:48'),(850,11,NULL,NULL,'login','{\"email\": \"admin@correo.com\"}','2026-02-27 05:18:40'),(851,11,NULL,NULL,'login','{\"email\": \"admin@correo.com\"}','2026-02-27 05:23:50'),(852,11,NULL,NULL,'acceso_ruta_protegida','{\"ruta\": \"/api/marcas\", \"metodo\": \"GET\"}','2026-02-27 05:23:50'),(853,11,NULL,NULL,'acceso_ruta_protegida','{\"ruta\": \"/api/reporte/mis-reportes\", \"metodo\": \"GET\"}','2026-02-27 05:23:52'),(854,11,NULL,NULL,'login','{\"email\": \"admin@correo.com\"}','2026-02-27 05:24:41'),(855,11,NULL,NULL,'acceso_ruta_protegida','{\"ruta\": \"/api/marcas\", \"metodo\": \"GET\"}','2026-02-27 05:24:41'),(856,11,NULL,NULL,'acceso_ruta_protegida','{\"ruta\": \"/api/reporte/mis-reportes\", \"metodo\": \"GET\"}','2026-02-27 05:24:42'),(857,11,NULL,NULL,'acceso_ruta_protegida','{\"ruta\": \"/api/reporte/mis-reportes\", \"metodo\": \"GET\"}','2026-02-27 05:25:36'),(858,11,NULL,NULL,'login','{\"email\": \"admin@correo.com\"}','2026-02-27 05:26:20'),(859,11,NULL,NULL,'acceso_ruta_protegida','{\"ruta\": \"/api/marcas\", \"metodo\": \"GET\"}','2026-02-27 05:26:20'),(860,11,NULL,NULL,'login','{\"email\": \"admin@correo.com\"}','2026-02-27 05:26:51'),(861,11,NULL,NULL,'acceso_ruta_protegida','{\"ruta\": \"/api/marcas\", \"metodo\": \"GET\"}','2026-02-27 05:26:51'),(862,11,NULL,NULL,'login','{\"email\": \"admin@correo.com\"}','2026-02-27 05:27:06'),(863,11,NULL,NULL,'acceso_ruta_protegida','{\"ruta\": \"/api/marcas\", \"metodo\": \"GET\"}','2026-02-27 05:27:07'),(864,11,NULL,NULL,'login','{\"email\": \"admin@correo.com\"}','2026-02-27 05:27:08'),(865,11,NULL,NULL,'acceso_ruta_protegida','{\"ruta\": \"/api/marcas\", \"metodo\": \"GET\"}','2026-02-27 05:27:09'),(866,11,NULL,NULL,'login','{\"email\": \"admin@correo.com\"}','2026-02-27 05:27:55'),(867,11,NULL,NULL,'acceso_ruta_protegida','{\"ruta\": \"/api/marcas\", \"metodo\": \"GET\"}','2026-02-27 05:27:55'),(868,11,NULL,NULL,'login','{\"email\": \"admin@correo.com\"}','2026-02-27 05:29:13'),(869,11,NULL,NULL,'acceso_ruta_protegida','{\"ruta\": \"/api/marcas\", \"metodo\": \"GET\"}','2026-02-27 05:29:13'),(870,11,NULL,NULL,'acceso_ruta_protegida','{\"ruta\": \"/api/reporte/mis-reportes\", \"metodo\": \"GET\"}','2026-02-27 05:29:15'),(871,11,NULL,NULL,'login','{\"email\": \"admin@correo.com\"}','2026-02-27 05:33:19'),(872,11,NULL,NULL,'acceso_ruta_protegida','{\"ruta\": \"/api/marcas\", \"metodo\": \"GET\"}','2026-02-27 05:33:19'),(873,11,NULL,NULL,'acceso_ruta_protegida','{\"ruta\": \"/api/reporte/mis-reportes\", \"metodo\": \"GET\"}','2026-02-27 05:33:20'),(874,11,NULL,NULL,'ver_mis_reportes','{\"cantidad\": 33}','2026-02-27 05:33:20'),(875,11,NULL,NULL,'login','{\"email\": \"admin@correo.com\"}','2026-02-27 05:36:45'),(876,11,NULL,NULL,'acceso_ruta_protegida','{\"ruta\": \"/api/marcas\", \"metodo\": \"GET\"}','2026-02-27 05:36:45'),(877,11,NULL,NULL,'acceso_ruta_protegida','{\"ruta\": \"/api/reporte/mis-reportes\", \"metodo\": \"GET\"}','2026-02-27 05:36:46'),(878,11,NULL,NULL,'ver_mis_reportes','{\"cantidad\": 33}','2026-02-27 05:36:46'),(879,11,NULL,NULL,'acceso_ruta_protegida','{\"ruta\": \"/api/reporte/mis-reportes\", \"metodo\": \"GET\"}','2026-02-27 05:42:33'),(880,11,NULL,NULL,'ver_mis_reportes','{\"cantidad\": 33}','2026-02-27 05:42:33'),(881,11,NULL,NULL,'login','{\"email\": \"admin@correo.com\"}','2026-02-27 05:42:36'),(882,11,NULL,NULL,'acceso_ruta_protegida','{\"ruta\": \"/api/marcas\", \"metodo\": \"GET\"}','2026-02-27 05:42:36'),(883,11,NULL,NULL,'acceso_ruta_protegida','{\"ruta\": \"/api/reporte/mis-reportes\", \"metodo\": \"GET\"}','2026-02-27 05:42:37'),(884,11,NULL,NULL,'ver_mis_reportes','{\"cantidad\": 33}','2026-02-27 05:42:37'),(885,11,NULL,NULL,'login','{\"email\": \"admin@correo.com\"}','2026-02-27 05:42:55'),(886,11,NULL,NULL,'acceso_ruta_protegida','{\"ruta\": \"/api/marcas\", \"metodo\": \"GET\"}','2026-02-27 05:42:55'),(887,11,NULL,NULL,'acceso_ruta_protegida','{\"ruta\": \"/api/reporte/mis-reportes\", \"metodo\": \"GET\"}','2026-02-27 05:42:57'),(888,11,NULL,NULL,'ver_mis_reportes','{\"cantidad\": 33}','2026-02-27 05:42:57'),(889,11,NULL,NULL,'login','{\"email\": \"admin@correo.com\"}','2026-02-27 05:44:19'),(890,11,NULL,NULL,'acceso_ruta_protegida','{\"ruta\": \"/api/marcas\", \"metodo\": \"GET\"}','2026-02-27 05:44:19'),(891,11,NULL,NULL,'acceso_ruta_protegida','{\"ruta\": \"/api/reporte/mis-reportes\", \"metodo\": \"GET\"}','2026-02-27 05:44:20'),(892,11,NULL,NULL,'ver_mis_reportes','{\"cantidad\": 33}','2026-02-27 05:44:20'),(893,11,NULL,NULL,'login','{\"email\": \"admin@correo.com\"}','2026-02-27 06:02:22'),(894,11,NULL,NULL,'acceso_ruta_protegida','{\"ruta\": \"/api/marcas\", \"metodo\": \"GET\"}','2026-02-27 06:02:22'),(895,11,NULL,NULL,'acceso_ruta_protegida','{\"ruta\": \"/api/reporte/mis-reportes\", \"metodo\": \"GET\"}','2026-02-27 06:02:30'),(896,11,NULL,NULL,'ver_mis_reportes','{\"cantidad\": 33}','2026-02-27 06:02:30'),(897,11,NULL,NULL,'acceso_ruta_protegida','{\"ruta\": \"/api/reporte/mis-reportes\", \"metodo\": \"GET\"}','2026-02-27 06:03:50'),(898,11,NULL,NULL,'ver_mis_reportes','{\"cantidad\": 33}','2026-02-27 06:03:50'),(899,11,NULL,NULL,'login','{\"email\": \"admin@correo.com\"}','2026-02-27 06:04:14'),(900,11,NULL,NULL,'acceso_ruta_protegida','{\"ruta\": \"/api/marcas\", \"metodo\": \"GET\"}','2026-02-27 06:04:14'),(901,11,NULL,NULL,'acceso_ruta_protegida','{\"ruta\": \"/api/reporte/mis-reportes\", \"metodo\": \"GET\"}','2026-02-27 06:04:17'),(902,11,NULL,NULL,'ver_mis_reportes','{\"cantidad\": 33}','2026-02-27 06:04:17'),(903,11,NULL,NULL,'acceso_ruta_protegida','{\"ruta\": \"/api/reporte/mis-reportes\", \"metodo\": \"GET\"}','2026-02-27 06:05:58'),(904,11,NULL,NULL,'ver_mis_reportes','{\"cantidad\": 33}','2026-02-27 06:05:58'),(905,11,NULL,NULL,'acceso_ruta_protegida','{\"ruta\": \"/api/reporte/mis-reportes\", \"metodo\": \"GET\"}','2026-02-27 06:08:46'),(906,11,NULL,NULL,'ver_mis_reportes','{\"cantidad\": 33}','2026-02-27 06:08:46'),(907,11,NULL,NULL,'acceso_ruta_protegida','{\"ruta\": \"/api/reporte/mis-reportes\", \"metodo\": \"GET\"}','2026-02-27 06:10:24'),(908,11,NULL,NULL,'ver_mis_reportes','{\"cantidad\": 33}','2026-02-27 06:10:24'),(909,11,NULL,NULL,'acceso_ruta_protegida','{\"ruta\": \"/api/reporte/mis-reportes\", \"metodo\": \"GET\"}','2026-02-27 06:10:54'),(910,11,NULL,NULL,'ver_mis_reportes','{\"cantidad\": 33}','2026-02-27 06:10:54'),(911,11,NULL,NULL,'acceso_ruta_protegida','{\"ruta\": \"/api/reporte/mis-reportes\", \"metodo\": \"GET\"}','2026-02-27 06:12:53'),(912,11,NULL,NULL,'ver_mis_reportes','{\"cantidad\": 33}','2026-02-27 06:12:53'),(913,11,NULL,NULL,'acceso_ruta_protegida','{\"ruta\": \"/api/reporte/mis-reportes\", \"metodo\": \"GET\"}','2026-02-27 06:13:20'),(914,11,NULL,NULL,'ver_mis_reportes','{\"cantidad\": 33}','2026-02-27 06:13:20'),(915,11,NULL,NULL,'login','{\"email\": \"admin@correo.com\"}','2026-02-27 06:31:36'),(916,11,NULL,NULL,'acceso_ruta_protegida','{\"ruta\": \"/api/marcas\", \"metodo\": \"GET\"}','2026-02-27 06:31:36'),(917,11,NULL,NULL,'acceso_ruta_protegida','{\"ruta\": \"/api/reporte/mis-reportes\", \"metodo\": \"GET\"}','2026-02-27 06:31:37'),(918,11,NULL,NULL,'ver_mis_reportes','{\"cantidad\": 33}','2026-02-27 06:31:37'),(919,11,NULL,NULL,'acceso_ruta_protegida','{\"ruta\": \"/api/reporte/mis-reportes\", \"metodo\": \"GET\"}','2026-02-27 06:33:14'),(920,11,NULL,NULL,'ver_mis_reportes','{\"cantidad\": 33}','2026-02-27 06:33:14'),(921,11,NULL,NULL,'acceso_ruta_protegida','{\"ruta\": \"/api/reporte/mis-reportes\", \"metodo\": \"GET\"}','2026-02-27 06:33:38'),(922,11,NULL,NULL,'ver_mis_reportes','{\"cantidad\": 33}','2026-02-27 06:33:38'),(923,11,NULL,NULL,'acceso_ruta_protegida','{\"ruta\": \"/api/reporte/mis-reportes\", \"metodo\": \"GET\"}','2026-02-27 06:34:43'),(924,11,NULL,NULL,'ver_mis_reportes','{\"cantidad\": 33}','2026-02-27 06:34:43'),(925,11,NULL,NULL,'acceso_ruta_protegida','{\"ruta\": \"/api/reporte/mis-reportes\", \"metodo\": \"GET\"}','2026-02-27 06:34:57'),(926,11,NULL,NULL,'ver_mis_reportes','{\"cantidad\": 33}','2026-02-27 06:34:57'),(927,11,NULL,NULL,'login','{\"email\": \"admin@correo.com\"}','2026-02-27 07:05:10'),(928,11,NULL,NULL,'acceso_ruta_protegida','{\"ruta\": \"/api/marcas\", \"metodo\": \"GET\"}','2026-02-27 07:05:10'),(929,11,NULL,NULL,'acceso_ruta_protegida','{\"ruta\": \"/api/Usuarios\", \"metodo\": \"GET\"}','2026-02-27 07:05:11'),(930,11,NULL,NULL,'acceso_ruta_protegida','{\"ruta\": \"/api/auditoria\", \"metodo\": \"GET\"}','2026-02-27 07:05:14'),(931,11,NULL,NULL,'login','{\"email\": \"admin@correo.com\"}','2026-03-01 02:16:33'),(932,11,NULL,NULL,'acceso_ruta_protegida','{\"ruta\": \"/api/marcas\", \"metodo\": \"GET\"}','2026-03-01 02:16:33'),(933,11,NULL,NULL,'acceso_ruta_protegida','{\"ruta\": \"/api/distribuidoras?marca=Fiat\", \"metodo\": \"GET\"}','2026-03-01 02:16:49'),(934,11,NULL,NULL,'acceso_ruta_protegida','{\"ruta\": \"/api/distribuidoras?marca=Fiat\", \"metodo\": \"GET\"}','2026-03-01 02:17:50'),(935,11,NULL,NULL,'login','{\"email\": \"admin@correo.com\"}','2026-03-01 02:17:54'),(936,11,NULL,NULL,'acceso_ruta_protegida','{\"ruta\": \"/api/marcas\", \"metodo\": \"GET\"}','2026-03-01 02:17:54'),(937,11,NULL,NULL,'acceso_ruta_protegida','{\"ruta\": \"/api/distribuidoras?marca=Seat\", \"metodo\": \"GET\"}','2026-03-01 02:17:57'),(938,11,NULL,NULL,'login','{\"email\": \"admin@correo.com\"}','2026-03-01 02:39:51'),(939,11,NULL,NULL,'acceso_ruta_protegida','{\"ruta\": \"/api/marcas\", \"metodo\": \"GET\"}','2026-03-01 02:39:51'),(940,11,NULL,NULL,'acceso_ruta_protegida','{\"ruta\": \"/api/distribuidoras?marca=Seat\", \"metodo\": \"GET\"}','2026-03-01 02:39:57'),(941,11,NULL,NULL,'login','{\"email\": \"admin@correo.com\"}','2026-03-01 02:40:14'),(942,11,NULL,NULL,'acceso_ruta_protegida','{\"ruta\": \"/api/marcas\", \"metodo\": \"GET\"}','2026-03-01 02:40:14'),(943,11,NULL,NULL,'acceso_ruta_protegida','{\"ruta\": \"/api/distribuidoras?marca=Seat\", \"metodo\": \"GET\"}','2026-03-01 02:40:22'),(944,11,NULL,NULL,'login','{\"email\": \"admin@correo.com\"}','2026-03-01 02:43:09'),(945,11,NULL,NULL,'acceso_ruta_protegida','{\"ruta\": \"/api/marcas\", \"metodo\": \"GET\"}','2026-03-01 02:43:09'),(946,11,NULL,NULL,'acceso_ruta_protegida','{\"ruta\": \"/api/distribuidoras?marca=Seat\", \"metodo\": \"GET\"}','2026-03-01 02:43:13'),(947,11,NULL,NULL,'login','{\"email\": \"admin@correo.com\"}','2026-03-01 02:51:37'),(948,11,NULL,NULL,'acceso_ruta_protegida','{\"ruta\": \"/api/marcas\", \"metodo\": \"GET\"}','2026-03-01 02:51:37'),(949,11,NULL,NULL,'acceso_ruta_protegida','{\"ruta\": \"/api/distribuidoras?marca=Seat\", \"metodo\": \"GET\"}','2026-03-01 02:51:41'),(950,11,NULL,NULL,'acceso_ruta_protegida','{\"ruta\": \"/api/marcas\", \"metodo\": \"GET\"}','2026-03-01 02:51:45'),(951,11,NULL,NULL,'acceso_ruta_protegida','{\"ruta\": \"/api/distribuidoras?marca=Seat\", \"metodo\": \"GET\"}','2026-03-01 02:51:48'),(952,11,NULL,NULL,'login','{\"email\": \"admin@correo.com\"}','2026-03-01 02:52:09'),(953,11,NULL,NULL,'acceso_ruta_protegida','{\"ruta\": \"/api/marcas\", \"metodo\": \"GET\"}','2026-03-01 02:52:09'),(954,11,NULL,NULL,'acceso_ruta_protegida','{\"ruta\": \"/api/distribuidoras?marca=Seat\", \"metodo\": \"GET\"}','2026-03-01 02:52:12'),(955,11,NULL,NULL,'acceso_ruta_protegida','{\"ruta\": \"/api/distribuidoras?marca=Ford\", \"metodo\": \"GET\"}','2026-03-01 02:52:26'),(956,11,NULL,NULL,'acceso_ruta_protegida','{\"ruta\": \"/api/distribuidoras?marca=Cupra\", \"metodo\": \"GET\"}','2026-03-01 02:52:40'),(957,11,NULL,NULL,'acceso_ruta_protegida','{\"ruta\": \"/api/distribuidoras?marca=GMC\", \"metodo\": \"GET\"}','2026-03-01 02:53:25'),(958,11,NULL,NULL,'acceso_ruta_protegida','{\"ruta\": \"/api/distribuidoras?marca=Acura\", \"metodo\": \"GET\"}','2026-03-01 02:53:28'),(959,11,NULL,NULL,'login','{\"email\": \"admin@correo.com\"}','2026-03-01 05:34:51'),(960,11,NULL,NULL,'acceso_ruta_protegida','{\"ruta\": \"/api/reporte\", \"metodo\": \"POST\"}','2026-03-01 05:36:13'),(961,11,'Seat','5556','crear_reporte','{\"marca\": \"Seat\", \"distribuidoras\": [\"5556\"]}','2026-03-01 05:36:22'),(962,11,NULL,NULL,'login','{\"email\": \"admin@correo.com\"}','2026-03-01 05:37:28'),(963,11,NULL,NULL,'acceso_ruta_protegida','{\"ruta\": \"/api/reporte\", \"metodo\": \"POST\"}','2026-03-01 05:37:33'),(964,11,'Seat','5556','crear_reporte','{\"marca\": \"Seat\", \"distribuidoras\": [\"5556\"]}','2026-03-01 05:37:42'),(965,11,NULL,NULL,'login','{\"email\": \"admin@correo.com\"}','2026-03-01 05:51:15'),(966,11,NULL,NULL,'acceso_ruta_protegida','{\"ruta\": \"/api/reporte\", \"metodo\": \"POST\"}','2026-03-01 05:51:19'),(967,11,'Seat','5556','crear_reporte','{\"marca\": \"Seat\", \"distribuidoras\": [\"5556\"]}','2026-03-01 05:52:24');
/*!40000 ALTER TABLE `registros` ENABLE KEYS */;
UNLOCK TABLES;

--
-- Table structure for table `reportes`
--

DROP TABLE IF EXISTS `reportes`;
/*!40101 SET @saved_cs_client     = @@character_set_client */;
/*!50503 SET character_set_client = utf8mb4 */;
CREATE TABLE `reportes` (
  `id` int NOT NULL AUTO_INCREMENT,
  `usuario_id` int NOT NULL,
  `marca` varchar(100) COLLATE utf8mb4_general_ci NOT NULL,
  `distribuidoras` json NOT NULL,
  `archivo_url` varchar(255) COLLATE utf8mb4_general_ci NOT NULL,
  `creado_en` timestamp NULL DEFAULT CURRENT_TIMESTAMP,
  PRIMARY KEY (`id`),
  KEY `usuario_id` (`usuario_id`),
  CONSTRAINT `reportes_ibfk_1` FOREIGN KEY (`usuario_id`) REFERENCES `usuarios` (`id`)
) ENGINE=InnoDB AUTO_INCREMENT=37 DEFAULT CHARSET=utf8mb4 COLLATE=utf8mb4_general_ci;
/*!40101 SET character_set_client = @saved_cs_client */;

--
-- Dumping data for table `reportes`
--

LOCK TABLES `reportes` WRITE;
/*!40000 ALTER TABLE `reportes` DISABLE KEYS */;
INSERT INTO `reportes` VALUES (1,9,'Seat','[\"5553\"]','http://localhost:3000/storage/Resultados/Seat-ValidacionesPrincipales/Reporte/Reporte_2026-01-11_06-59-54.xlsx','2026-01-11 06:59:54'),(2,3,'Seat','[\"5564\"]','http://localhost:3000/storage/Resultados/Seat-ValidacionesPrincipales/Reporte/Reporte_2026-01-16_21-21-58.xlsx','2026-01-16 21:21:58'),(3,3,'Seat','[\"5553\"]','http://localhost:3000/storage/Resultados/Seat-ValidacionesPrincipales/Reporte/Reporte_2026-01-18_06-49-06.xlsx','2026-01-18 06:49:07'),(4,3,'Seat','[\"5565\"]','http://localhost:3000/storage/Resultados/Seat-ValidacionesPrincipales/Reporte/Reporte_2026-02-14_23-29-41.xlsx','2026-02-14 23:29:41'),(5,3,'Seat','[\"5553\"]','http://localhost:3000/storage/Resultados/Seat-ValidacionesPrincipales/Reporte/Reporte_2026-02-15_00-03-54.xlsx','2026-02-15 00:03:54'),(6,3,'Seat','[\"5556\"]','http://localhost:3000/storage/Resultados/Seat-ValidacionesPrincipales/Reporte/Reporte_2026-02-15_00-24-09.xlsx','2026-02-15 00:24:09'),(7,3,'Seat','[\"5564\"]','http://localhost:3000/storage/Resultados/Seat-ValidacionesPrincipales/Reporte/Reporte_2026-02-15_23-45-16.xlsx','2026-02-15 23:45:16'),(8,3,'Seat','[\"5556\"]','http://localhost:3000/storage/Resultados/Seat-ValidacionesPrincipales/Reporte/Reporte_2026-02-15_23-51-58.xlsx','2026-02-15 23:51:58'),(9,3,'Seat','[\"5556\"]','http://localhost:3000/storage/Resultados/Seat-ValidacionesPrincipales/Reporte/Reporte_2026-02-16_00-08-42.xlsx','2026-02-16 00:08:42'),(10,4,'Seat','[\"5556\"]','http://localhost:3000/storage/Resultados/Seat-ValidacionesPrincipales/Reporte/Reporte_2026-02-16_00-18-36.xlsx','2026-02-16 00:18:36'),(11,3,'Seat','[\"5532\"]','http://localhost:3000/storage/Resultados/Seat-ValidacionesPrincipales/Reporte/Reporte_2026-02-16_00-26-51.xlsx','2026-02-16 00:26:51'),(12,3,'Seat','[\"5572\"]','http://localhost:3000/storage/Resultados/Seat-ValidacionesPrincipales/Reporte/Reporte_2026-02-16_00-30-56.xlsx','2026-02-16 00:30:56'),(13,3,'Seat','[\"5572\"]','http://localhost:3000/storage/Resultados/Seat-ValidacionesPrincipales/Reporte/Reporte_2026-02-16_03-34-23.xlsx','2026-02-16 03:34:24'),(14,3,'Seat','[\"5532\"]','http://localhost:3000/storage/Resultados/Seat-ValidacionesPrincipales/Reporte/Reporte_2026-02-16_04-17-24.xlsx','2026-02-16 04:17:24'),(15,3,'Seat','[\"5530\"]','http://localhost:3000/storage/Resultados/Seat-ValidacionesPrincipales/Reporte/Reporte_2026-02-16_05-10-17.xlsx','2026-02-16 05:10:17'),(16,3,'Seat','[\"5556\"]','http://localhost:3000/storage/Resultados/Seat-ValidacionesPrincipales/Reporte/Reporte_2026-02-17_22-08-58.xlsx','2026-02-17 22:08:58'),(17,3,'Seat','[\"5514\"]','http://localhost:3000/storage/Resultados/Seat-ValidacionesPrincipales/Reporte/Reporte_2026-02-17_22-14-13.xlsx','2026-02-17 22:14:13'),(18,3,'Seat','[\"5514\"]','http://localhost:3000/storage/Resultados/Seat-ValidacionesPrincipales/Reporte/Reporte_2026-02-18_00-05-46.xlsx','2026-02-18 00:05:46'),(19,3,'Seat','[\"5514\"]','http://localhost:3000/storage/Resultados/Seat-ValidacionesPrincipales/Reporte/Reporte_2026-02-18_03-04-36.xlsx','2026-02-18 03:04:36'),(20,3,'Seat','[\"5514\"]','http://localhost:3000/storage/Resultados/Seat-ValidacionesPrincipales/Reporte/Reporte_2026-02-18_03-08-44.xlsx','2026-02-18 03:08:44'),(21,3,'Seat','[\"5514\"]','http://localhost:3000/storage/Resultados/Seat-ValidacionesPrincipales/Reporte/Reporte_2026-02-18_03-19-03.xlsx','2026-02-18 03:19:03'),(22,4,'Seat','[\"5556\"]','http://localhost:3000/storage/Resultados/Seat-ValidacionesPrincipales/Reporte/Reporte_2026-02-18_03-41-59.xlsx','2026-02-18 03:41:59'),(23,3,'Seat','[\"5572\"]','http://localhost:3000/storage/Resultados/Seat-ValidacionesPrincipales/Reporte/Reporte_2026-02-18_03-54-02.xlsx','2026-02-18 03:54:02'),(24,3,'Ford','[\"6716\"]','http://localhost:3000/storage/Resultados/Ford-ValidacionesPrincipales/Reporte/Reporte_2026-02-18_22-18-24.xlsx','2026-02-18 22:18:24'),(25,3,'Ford','[\"6518\"]','http://localhost:3000/storage/Resultados/Ford-ValidacionesPrincipales/Reporte/Reporte_2026-02-18_22-24-15.xlsx','2026-02-18 22:24:15'),(26,3,'Seat','[\"5514\"]','http://localhost:3000/storage/Resultados/Seat-ValidacionesPrincipales/Reporte/Reporte_2026-02-21_00-09-13.xlsx','2026-02-21 00:09:13'),(27,3,'Seat','[\"5572\"]','http://localhost:3000/storage/Resultados/Seat-ValidacionesPrincipales/Reporte/Reporte_2026-02-21_00-19-15.xlsx','2026-02-21 00:19:15'),(28,3,'Seat','[\"5514\"]','http://localhost:3000/storage/Resultados/Seat-ValidacionesPrincipales/Reporte/Reporte_2026-02-21_00-51-54.xlsx','2026-02-21 00:51:54'),(29,3,'Seat','[\"5514\"]','http://localhost:3000/storage/Resultados/Seat-ValidacionesPrincipales/Reporte/Reporte_2026-02-21_01-06-21.xlsx','2026-02-21 01:06:21'),(30,3,'Seat','[\"5514\"]','http://localhost:3000/storage/Resultados/Seat-ValidacionesPrincipales/Reporte/Reporte_2026-02-21_01-30-53.xlsx','2026-02-21 01:30:53'),(31,3,'Seat','[\"5514\"]','http://localhost:3000/storage/Resultados/Seat-ValidacionesPrincipales/Reporte/Reporte_2026-02-21_01-41-42.xlsx','2026-02-21 01:41:42'),(32,3,'Seat','[\"5514\"]','http://localhost:3000/storage/Resultados/Seat-ValidacionesPrincipales/Reporte/Reporte_2026-02-21_02-11-50.xlsx','2026-02-21 02:11:50'),(33,11,'Seat','[\"5514\"]','http://localhost:3000/storage/Resultados/Seat-ValidacionesPrincipales/Reporte/Reporte_2026-02-23_16-01-54.xlsx','2026-02-23 16:01:54'),(34,11,'Seat','[\"5556\"]','http://localhost:3000/storage/Resultados/Seat-ValidacionesPrincipales/Reporte/Reporte_2026-03-01_05-36-22.xlsx','2026-03-01 05:36:22'),(35,11,'Seat','[\"5556\"]','http://localhost:3000/storage/Resultados/Seat-ValidacionesPrincipales/Reporte/Reporte_2026-03-01_05-37-42.xlsx','2026-03-01 05:37:42'),(36,11,'Seat','[\"5556\"]','http://localhost:3000/storage/Resultados/Seat-ValidacionesPrincipales/Reporte/Reporte_2026-03-01_05-52-24.xlsx','2026-03-01 05:52:24');
/*!40000 ALTER TABLE `reportes` ENABLE KEYS */;
UNLOCK TABLES;

--
-- Table structure for table `roles`
--

DROP TABLE IF EXISTS `roles`;
/*!40101 SET @saved_cs_client     = @@character_set_client */;
/*!50503 SET character_set_client = utf8mb4 */;
CREATE TABLE `roles` (
  `id` int NOT NULL AUTO_INCREMENT,
  `name` varchar(50) COLLATE utf8mb4_general_ci NOT NULL,
  `description` text COLLATE utf8mb4_general_ci,
  PRIMARY KEY (`id`),
  UNIQUE KEY `name` (`name`)
) ENGINE=InnoDB AUTO_INCREMENT=3 DEFAULT CHARSET=utf8mb4 COLLATE=utf8mb4_general_ci;
/*!40101 SET character_set_client = @saved_cs_client */;

--
-- Dumping data for table `roles`
--

LOCK TABLES `roles` WRITE;
/*!40000 ALTER TABLE `roles` DISABLE KEYS */;
INSERT INTO `roles` VALUES (1,'admin','Administrador del sistema'),(2,'user','Usuario estándar');
/*!40000 ALTER TABLE `roles` ENABLE KEYS */;
UNLOCK TABLES;

--
-- Table structure for table `usuarios`
--

DROP TABLE IF EXISTS `usuarios`;
/*!40101 SET @saved_cs_client     = @@character_set_client */;
/*!50503 SET character_set_client = utf8mb4 */;
CREATE TABLE `usuarios` (
  `id` int NOT NULL AUTO_INCREMENT,
  `username` varchar(100) COLLATE utf8mb4_general_ci NOT NULL,
  `email` varchar(150) COLLATE utf8mb4_general_ci NOT NULL,
  `password_hash` varchar(255) COLLATE utf8mb4_general_ci NOT NULL,
  `role_id` int DEFAULT NULL,
  `created_at` timestamp NULL DEFAULT CURRENT_TIMESTAMP,
  `updated_at` timestamp NULL DEFAULT CURRENT_TIMESTAMP ON UPDATE CURRENT_TIMESTAMP,
  `activo` tinyint(1) DEFAULT '1',
  PRIMARY KEY (`id`),
  UNIQUE KEY `email` (`email`),
  KEY `role_id` (`role_id`),
  CONSTRAINT `usuarios_ibfk_1` FOREIGN KEY (`role_id`) REFERENCES `roles` (`id`)
) ENGINE=InnoDB AUTO_INCREMENT=14 DEFAULT CHARSET=utf8mb4 COLLATE=utf8mb4_general_ci;
/*!40101 SET character_set_client = @saved_cs_client */;

--
-- Dumping data for table `usuarios`
--

LOCK TABLES `usuarios` WRITE;
/*!40000 ALTER TABLE `usuarios` DISABLE KEYS */;
INSERT INTO `usuarios` VALUES (1,'jonathan','jonathan@example.com','Prueba1',1,'2026-01-08 19:19:02','2026-01-08 19:19:02',1),(2,'Test EditadoAdmin','nuevo@correo.com','$2b$10$5HXai0vY2k.8d2pPaQYgd.VKgvTdnnI7oY1VFz0GjNaR/ypUtL/kq',1,'2026-01-08 19:19:02','2026-02-27 03:48:39',0),(3,'nuevoUsuario1123','nuevo1@correo.com','$2b$10$iA2OY6coaz.8ietD6axiOeqgcqxrlnsmujYSjZf.uXCa8umQcPy42',2,'2026-01-08 19:30:34','2026-02-27 03:58:38',1),(4,'testUser','test@correo.com','$2b$10$Oz/KWGCtd7PaSpzIl2M/8OMlU2NeZM.NacO65/m1DKw4veMNtczPi',2,'2026-01-08 19:51:03','2026-02-27 04:38:19',0),(9,'Test','correo@exagono.net','$2b$10$eiQJufeolu0OGxStthwDDeH6DectJ5ystRx.NU8YEVblhSBpfo9tC',2,'2026-01-11 06:18:23','2026-01-11 06:18:23',1),(11,'testAdmin','admin@correo.com','$2b$10$Lq8l/3R6gXetxp3rFlizL.BjrLYUf0Rh4iGY0L34oPo9JV.Zgupku',1,'2026-02-22 20:39:48','2026-02-22 20:39:48',1),(13,'prueba','prueba@correo.com','$2b$10$6cD/gyTg.YNyu1r2qwr9DuN4UxjdGSPEWhPrD.GjtoFfAONyRSg4e',2,'2026-02-23 02:16:50','2026-02-23 02:16:50',1);
/*!40000 ALTER TABLE `usuarios` ENABLE KEYS */;
UNLOCK TABLES;
/*!40103 SET TIME_ZONE=@OLD_TIME_ZONE */;

/*!40101 SET SQL_MODE=@OLD_SQL_MODE */;
/*!40014 SET FOREIGN_KEY_CHECKS=@OLD_FOREIGN_KEY_CHECKS */;
/*!40014 SET UNIQUE_CHECKS=@OLD_UNIQUE_CHECKS */;
/*!40101 SET CHARACTER_SET_CLIENT=@OLD_CHARACTER_SET_CLIENT */;
/*!40101 SET CHARACTER_SET_RESULTS=@OLD_CHARACTER_SET_RESULTS */;
/*!40101 SET COLLATION_CONNECTION=@OLD_COLLATION_CONNECTION */;
/*!40111 SET SQL_NOTES=@OLD_SQL_NOTES */;

-- Dump completed on 2026-03-01  1:21:34
